unit_code,pct_GCE_ALL,pct_GCE_LEP,pct_GCE_PRM,pct_GCE_RPF,pct_GCE_SWD,pct_PASSED_EOG,pct_PASSED_LAA,pct_PASSED_RTA,pct_PROMOTED,pct_RETAINED
010304,0.17,,,0.125,,0.625,0.057,,0.8859999999999999,0.114
010308,0.136,,,0.07400000000000001,0.062,0.63,0.07400000000000001,,0.914,0.086
010312,0.114,,,0.065,,0.74,,,0.943,0.057
010320,0.094,,,,,0.736,,,0.9059999999999999,0.094
010326,0.11699999999999999,,,,0.11699999999999999,0.273,0.14300000000000002,,0.636,0.364
010328,0.121,,,0.071,0.051,0.727,,,0.9390000000000001,0.061
010340,0.134,,,0.11599999999999999,,0.7140000000000001,0.054000000000000006,,0.938,0.063
010346,0.083,,,,,0.633,,,0.8170000000000001,0.183
010347,0.162,,,0.1,0.062,0.5920000000000001,,,0.838,0.162
010351,0.085,,,,,0.34,0.17,,0.7340000000000001,0.266
010354,0.075,,,,,0.311,0.20800000000000002,,0.679,0.321
010357,0.022000000000000002,,,,,0.33,0.14300000000000002,,0.626,0.374
010358,0.078,,,,0.067,0.433,0.21100000000000002,,0.878,0.122
010362,0.115,,,,0.064,0.705,0.077,,0.9359999999999999,0.064
010364,0.16399999999999998,,,0.09,,0.507,0.16399999999999998,,0.8959999999999999,0.10400000000000001
010372,0.14300000000000002,,,,,0.5479999999999999,,,0.833,0.16699999999999998
010374,0.153,,,0.08199999999999999,0.071,0.429,0.061,0.051,0.7859999999999999,0.214
010380,0.221,,,0.174,,0.326,,,0.6509999999999999,0.349
010384,0.078,,,,,0.612,,0.057999999999999996,0.8640000000000001,0.136
010392,0.087,,,,,0.696,,,0.848,0.152
01B000,0.07400000000000001,,,,,0.852,,,0.9440000000000001,
01C000,0.326,,,0.196,0.109,0.609,,,0.95,
020304,0.136,,,0.114,,0.705,0.14800000000000002,,0.95,
020308,0.132,,,,0.132,0.604,0.245,,0.95,
020316,0.225,,,0.155,0.07,0.521,0.16899999999999998,,0.95,
020320,0.0,,,,,0.649,0.21600000000000003,,0.95,
020324,0.048,,,,,0.5479999999999999,0.35700000000000004,,0.95,
020328,0.07,,,,,0.628,0.18600000000000003,,0.95,
020332,0.213,,,0.18,,0.672,0.08199999999999999,,0.95,
030308,0.28,,,0.2,,0.68,,,0.95,
030316,0.294,,,0.294,,0.647,,,0.95,
030320,0.282,,,0.19699999999999998,0.085,0.7040000000000001,,,0.95,
040308,0.08,,,,,0.76,,,0.95,
040311,0.233,,,0.14,0.081,0.349,0.163,,0.779,0.221
040316,0.25,,,0.114,0.136,0.568,,,0.932,
040324,0.2,,,,,0.33299999999999996,,,0.6,0.4
040328,0.03,,,,,0.636,0.22699999999999998,,0.9390000000000001,
050310,0.11599999999999999,,,,0.07200000000000001,0.609,0.10099999999999999,,0.884,0.11599999999999999
050330,0.177,,,0.063,0.114,0.608,0.139,,0.924,0.076
050335,0.055999999999999994,,,,0.055999999999999994,0.7,0.14400000000000002,,0.9440000000000001,0.055999999999999994
060304,0.20600000000000002,,,0.147,,0.618,,,0.941,
060316,0.20600000000000002,,,0.17600000000000002,,0.765,,,0.95,
060322,0.156,,,0.133,,0.733,,,0.95,
060328,0.35100000000000003,,,0.162,0.162,0.595,,,0.95,
060332,0.55,,,0.5,,0.35,,,0.95,
06B000,0.375,,,,,,,,0.75,
070308,0.33299999999999996,,,0.33299999999999996,,0.556,,,0.9259999999999999,
070326,0.09,,,0.05,,0.84,,,0.95,
070327,0.121,,,,0.069,0.5710000000000001,,,0.855,0.145
070329,0.036000000000000004,,,,,0.48200000000000004,0.214,,0.821,0.179
070340,0.154,,,,,,,,0.615,0.385
07A000,0.079,,,,,0.895,,,0.95,
080348,0.061,,,,,0.455,0.152,,0.758,0.242
080356,0.021,,,,,0.40399999999999997,,,0.723,0.27699999999999997
080360,0.083,,,,,0.41700000000000004,,,0.6940000000000001,0.306
080362,0.062,,,,,0.385,0.077,,0.662,0.33799999999999997
08A000,0.04,,,,,0.3,,,0.5,0.5
090304,0.027000000000000003,,,,,0.541,,,0.757,0.243
090317,0.16699999999999998,,,0.141,,0.5770000000000001,0.10300000000000001,,0.885,0.115
090318,0.25,,,0.125,,0.625,,,0.917,
090324,0.07400000000000001,,,,,0.593,0.16699999999999998,,0.889,0.111
090328,0.2,,,,,0.467,,,0.667,0.33299999999999996
090333,0.301,,,0.214,0.078,0.33,0.087,,0.7959999999999999,0.204
090352,0.237,,,0.132,,0.579,,,0.9470000000000001,
100302,0.08199999999999999,,,0.052000000000000005,,0.687,,,0.851,0.149
100304,0.013999999999999999,,,,,0.581,,,0.649,0.35100000000000003
100310,0.243,,,0.203,,0.541,,,0.8109999999999999,0.18899999999999997
100320,0.0,,,,,0.489,,,0.522,0.478
100336,0.077,,,0.077,,0.7090000000000001,0.085,,0.889,0.111
100338,0.23800000000000002,,,0.152,0.076,0.59,,,0.848,0.152
100339,0.21600000000000003,,,,0.159,0.591,,,0.8640000000000001,0.136
100340,0.045,,,,,0.685,0.081,,0.838,0.162
100342,0.20800000000000002,,,0.168,,0.634,,,0.861,0.139
100344,0.0,,,,,0.532,,,0.645,0.355
10A000,0.01,,,,,0.792,,,0.8809999999999999,0.11900000000000001
110308,0.054000000000000006,,,,,0.757,,,0.95,
110320,0.191,,,0.091,0.1,0.7,,,0.945,0.055
110324,0.226,,,0.19,,0.595,0.06,,0.8809999999999999,0.11900000000000001
110332,0.204,,,0.09300000000000001,0.111,0.7040000000000001,,,0.907,0.09300000000000001
110348,0.07400000000000001,,,,,0.457,0.198,,0.778,0.222
110356,0.09,,,,0.09,0.685,0.11699999999999999,,0.9279999999999999,0.07200000000000001
110366,0.11800000000000001,,,,0.098,0.735,,,0.941,0.059000000000000004
110368,0.0,,,,,0.687,,,0.746,0.254
110370,0.073,,,,0.061,0.634,0.098,,0.841,0.159
110372,0.02,,,,,0.531,,,0.612,0.38799999999999996
110376,0.11699999999999999,,,,0.11699999999999999,0.563,0.136,,0.8640000000000001,0.136
110379,0.087,,,,0.07200000000000001,0.623,0.225,,0.95,
110384,0.027999999999999997,,,,,0.535,,,0.662,0.33799999999999997
110388,0.11900000000000001,,,,,0.738,,,0.929,
110408,0.136,,,,0.136,0.6,,,0.848,0.152
110410,0.157,,,0.142,,0.614,,,0.85,0.15
110412,0.046,,,,,0.738,,,0.892,0.10800000000000001
110422,0.139,,,,0.08800000000000001,0.715,,,0.92,0.08
110428,0.136,,,,0.091,0.705,0.053,,0.95,
110436,0.105,,,,0.083,0.5710000000000001,0.06,,0.835,0.165
110444,0.233,,,,0.16699999999999998,0.5329999999999999,0.2,,0.95,
111304,0.139,,,,0.139,0.667,,,0.889,
111306,0.111,,,,0.111,0.654,0.17300000000000001,,0.95,
111312,0.065,,,,0.065,0.675,0.091,,0.909,0.091
111332,0.064,,,,0.064,0.795,0.115,,0.95,
111360,0.051,,,,,0.782,0.115,,0.95,
11A000,0.16699999999999998,,,,0.16699999999999998,0.7290000000000001,0.10400000000000001,,0.95,
11B000,0.073,,,,,0.805,,,0.95,
11C000,0.098,,,,0.098,0.804,,,0.95,
11K000,0.055999999999999994,,,,,0.667,,,0.889,
120304,0.156,,,,,0.5,,,0.75,0.25
120312,0.16399999999999998,,,0.096,0.068,0.575,0.068,,0.945,
120316,0.14300000000000002,,,,0.086,0.586,,,0.8140000000000001,0.18600000000000003
120320,0.22699999999999998,,,0.091,0.136,0.561,0.152,,0.95,
120324,0.154,,,0.138,,0.631,0.077,,0.892,0.10800000000000001
120338,0.075,,,,,0.6,0.2,,0.95,
120340,0.115,,,,0.064,0.423,0.192,,0.846,0.154
120344,0.171,,,,,0.657,,,0.943,
120352,0.4,,,,,,,,0.95,
120360,0.233,,,,0.18600000000000003,0.488,0.18600000000000003,,0.93,
120364,0.024,,,,,0.659,0.171,,0.915,0.085
120368,0.10300000000000001,,,,,0.809,,,0.95,
120372,0.081,,,,,0.784,0.135,,0.95,
120374,0.154,,,,0.121,0.736,,,0.945,0.055
120380,0.08800000000000001,,,,,0.647,0.191,,0.95,
120386,0.344,,,0.203,0.141,0.594,,,0.95,
12A000,0.025,,,,,0.725,,,0.825,0.175
130304,0.066,,,,0.059000000000000004,0.539,0.092,,0.7959999999999999,0.204
130308,0.07200000000000001,,,,0.07200000000000001,0.598,0.124,,0.856,0.14400000000000002
130309,0.0,,,,,0.545,0.127,,0.745,0.255
130311,0.062,,,,,0.654,0.07400000000000001,,0.852,0.14800000000000002
130312,0.057,,,,0.05,0.764,0.1,,0.95,0.05
130319,0.016,,,,,0.855,0.102,,0.95,
130321,0.081,,,,0.066,0.551,0.125,,0.816,0.184
130322,0.071,,,,0.071,0.625,0.152,,0.893,0.107
130325,0.094,,,,0.087,0.674,0.094,,0.9059999999999999,0.094
130328,0.0,,,,,0.39299999999999996,,,0.607,0.39299999999999996
130329,0.107,,,,0.107,0.451,0.205,,0.8440000000000001,0.156
130330,0.109,,,,0.109,0.522,0.152,,0.804,0.196
130331,0.073,,,,0.06,0.6729999999999999,0.147,,0.907,0.09300000000000001
130336,0.044000000000000004,,,,,0.7909999999999999,0.063,,0.924,0.076
130338,0.099,,,,0.09300000000000001,0.503,0.086,,0.735,0.265
130340,0.11699999999999999,,,,0.10400000000000001,0.48100000000000004,0.10400000000000001,,0.727,0.273
130342,0.107,,,,0.099,0.496,0.099,,0.7559999999999999,0.244
130344,0.025,,,,,0.55,0.175,,0.825,0.175
130345,0.055999999999999994,,,,0.055999999999999994,0.784,0.055999999999999994,,0.9259999999999999,0.07400000000000001
132308,0.067,,,,,0.5,0.057999999999999996,,0.76,0.24
132312,0.046,,,,,0.414,0.092,,0.6779999999999999,0.322
132328,0.022000000000000002,,,,,0.326,0.11199999999999999,,0.685,0.315
132332,0.185,,,,0.185,0.40700000000000003,0.16,,0.852,0.14800000000000002
132336,0.156,,,,0.08900000000000001,0.344,0.14400000000000002,,0.833,0.16699999999999998
13A000,0.057,,,,,0.7140000000000001,,0.086,0.914,0.086
13B000,0.02,,,,,0.8220000000000001,0.11900000000000001,,0.95,
13C000,0.0,,,,,0.48100000000000004,,,0.593,0.40700000000000003
140304,0.071,,,,0.071,0.586,0.157,,0.914,0.086
140307,0.28600000000000003,,,,,,,,0.857,
140308,0.156,,,0.156,,0.75,,,0.95,
140312,0.08,,,,,0.614,0.159,,0.8859999999999999,0.114
140316,0.075,,,,,0.627,0.11900000000000001,,0.8959999999999999,0.10400000000000001
140324,0.095,,,,0.084,0.589,0.2,,0.95,
140340,0.092,,,,0.092,0.7390000000000001,0.092,,0.941,0.059000000000000004
140344,0.214,,,,,0.75,,,0.95,
140352,0.07400000000000001,,,,,0.648,0.18899999999999997,,0.9259999999999999,0.07400000000000001
140360,0.111,,,,,0.833,,,0.95,
140372,0.032,,,,,0.73,0.20600000000000002,,0.95,
140376,0.0,,,,,0.6,,,0.95,
140384,0.0,,,,,0.564,0.327,,0.909,0.091
140388,0.043,,,,,0.609,0.348,,0.95,
140392,0.2,,,,,0.457,0.171,,0.857,0.14300000000000002
140396,0.159,,,,0.114,0.5,0.205,,0.932,
150308,0.022000000000000002,,,,,0.816,0.08800000000000001,,0.941,0.059000000000000004
160304,0.154,,,,,0.846,,,0.95,
160306,0.292,,,0.10800000000000001,0.185,0.585,0.077,,0.95,
160308,0.16899999999999998,,,,0.16899999999999998,0.759,,,0.95,
160309,1.0,,,,,,,,,
160316,0.1,,,,,0.9,,,0.95,
160322,0.276,,,0.069,0.207,0.662,,,0.95,
160324,0.07400000000000001,,,,0.067,0.748,0.111,,0.95,
160332,0.188,,,,0.188,0.688,,,0.95,
160352,0.124,,,0.051,0.073,0.752,0.08,,0.95,
16B000,0.16699999999999998,,,,,0.833,,,0.95,
170334,0.013999999999999999,,,,,0.568,,,0.716,0.284
170339,0.0,,,,,0.261,0.449,,0.855,0.145
170342,0.021,,,,,0.574,0.149,,0.872,0.128
170344,0.034,,,,,0.621,,,0.828,0.172
180304,0.055999999999999994,,,,,0.831,,,0.95,
180312,0.263,,,0.132,0.132,0.6579999999999999,,,0.95,
180316,0.052000000000000005,,,,,0.753,,,0.907,0.09300000000000001
180323,1.0,,,,,,,,,
180324,0.127,,,,0.111,0.603,0.111,,0.937,
180326,0.062,,,,,0.654,0.136,,0.95,
180332,0.111,,,0.079,,0.413,0.23800000000000002,,0.841,0.159
180336,0.09,,,,0.08,0.68,,,0.91,0.09
180343,0.127,,,0.076,,0.6709999999999999,0.063,,0.9109999999999999,0.08900000000000001
180344,0.20800000000000002,,,0.156,,0.532,0.10400000000000001,,0.922,0.078
180356,0.17,,,0.098,0.063,0.634,0.08900000000000001,,0.946,0.054000000000000006
180360,0.20199999999999999,,,0.14300000000000002,0.06,0.536,0.11900000000000001,,0.8809999999999999,0.11900000000000001
180368,0.16699999999999998,,,0.111,,0.764,,,0.9440000000000001,
180372,0.064,,,,,0.46399999999999997,0.127,,0.8,0.2
180379,0.16899999999999998,,,0.12,,0.627,0.096,,0.9279999999999999,0.07200000000000001
180380,0.092,,,,,0.6,0.24600000000000002,,0.95,
180388,0.24100000000000002,,,0.09300000000000001,0.13,0.611,,,0.907,0.09300000000000001
181326,0.075,,,,0.075,0.627,0.149,,0.8809999999999999,0.11900000000000001
181332,0.095,,,,0.095,0.54,0.111,,0.841,0.159
181336,0.035,,,,,0.7020000000000001,,,0.8420000000000001,0.158
181342,0.078,,,,,0.266,0.313,,0.7340000000000001,0.266
181344,0.109,,,,0.109,0.409,0.1,0.08199999999999999,0.764,0.23600000000000002
182304,0.7140000000000001,,,,0.7140000000000001,,,,0.95,
182322,0.08900000000000001,,,,0.063,0.57,0.228,,0.937,0.063
182324,0.121,,,0.10300000000000001,,0.466,,,0.7070000000000001,0.293
182328,0.053,,,,,0.579,0.11800000000000001,,0.868,0.132
190304,0.20800000000000002,,,,,0.667,,,0.95,
190308,0.18899999999999997,,,,,0.514,,,0.757,0.243
190332,0.10300000000000001,,,,,0.379,0.31,,0.828,0.172
190340,0.028999999999999998,,,,,0.588,,,0.706,0.294
190341,0.084,,,,,0.47,0.24100000000000002,,0.831,0.16899999999999998
190346,0.085,,,0.053,,0.809,,,0.9359999999999999,0.064
190348,0.151,,,0.057,0.094,0.6890000000000001,,,0.887,0.113
190350,0.268,0.057,,0.114,0.098,0.455,,,0.87,0.13
190352,0.133,,,,,0.622,,,0.8,0.2
190370,0.17300000000000001,,,,0.122,0.45899999999999996,,0.061,0.765,0.235
19A000,0.289,,,0.289,,0.711,,,0.95,
19B000,0.091,,,,,0.909,,,0.95,
19C000,0.04,,,,,0.84,,,0.88,
200304,0.244,,,,0.146,0.6829999999999999,,,0.95,
200312,0.083,,,,,0.583,,,0.917,
200316,0.22699999999999998,,,,0.22699999999999998,0.364,0.364,,0.95,
200320,0.138,,,,,0.655,,,0.95,
200324,0.16899999999999998,,,,0.16899999999999998,0.5489999999999999,0.141,,0.95,
200332,0.33299999999999996,,,,0.259,0.63,,,0.95,
200336,0.5,,,0.192,0.308,0.5,,,0.95,
20A000,0.217,,,,0.217,0.609,,,0.95,
210306,0.158,,,0.158,,0.556,0.14,,0.8540000000000001,0.146
220308,0.24,,,0.11,0.13,0.58,0.15,,0.95,
230304,0.18899999999999997,,,0.122,0.068,0.635,0.10800000000000001,,0.95,
230308,0.18100000000000002,,,0.084,0.096,0.759,,,0.95,
230320,0.243,,,0.162,,0.6759999999999999,,,0.95,
230334,0.28600000000000003,,,0.22399999999999998,,0.6729999999999999,,,0.95,
230340,0.29100000000000004,,,0.081,0.209,0.547,,0.057999999999999996,0.9420000000000001,0.057999999999999996
230342,0.16399999999999998,,,,0.145,0.491,,0.091,0.95,
230344,0.16699999999999998,,,,0.1,0.7170000000000001,,,0.95,
230346,0.21600000000000003,,,0.157,,0.51,,,0.843,0.157
230348,0.292,,,0.16699999999999998,0.125,0.583,,,0.95,
230355,0.17,,,0.128,,0.596,,,0.9359999999999999,
230357,0.161,,,0.125,,0.8390000000000001,,,0.95,
230359,0.33299999999999996,,,,,,,,0.95,
230364,0.23,,,0.15,0.07,0.62,,,0.94,0.06
230368,0.23800000000000002,,,0.155,0.083,0.595,,,0.905,0.095
230370,0.21100000000000002,,,0.085,0.127,0.5920000000000001,,0.07,0.93,0.07
230376,0.27699999999999997,,,,0.215,0.662,,,0.95,
230380,0.07,,,,,0.807,0.12300000000000001,,0.95,
23A000,0.023,,,,,0.884,,,0.907,
240308,0.308,,,0.154,0.135,0.48100000000000004,,,0.9229999999999999,
240328,0.114,,,,,0.457,,,0.7140000000000001,0.28600000000000003
240332,0.265,,,0.17600000000000002,,0.5589999999999999,,,0.912,
240344,0.061,,,,,0.455,,,0.6970000000000001,0.303
240352,0.261,,,,,0.435,,,0.7829999999999999,0.217
240354,0.158,,,,0.08800000000000001,0.474,0.193,,0.912,0.08800000000000001
240370,0.205,,,0.159,,0.47700000000000004,0.136,,0.8859999999999999,0.114
240372,0.25,,,0.078,0.172,0.406,0.078,,0.828,0.172
240388,0.054000000000000006,,,,,0.5539999999999999,0.162,,0.8240000000000001,0.17600000000000002
241308,0.11900000000000001,,,,0.098,0.629,,,0.86,0.14
24N000,0.046,,,,,0.6970000000000001,,,0.862,0.138
250304,0.11900000000000001,,,,0.11900000000000001,0.525,0.153,,0.8140000000000001,0.18600000000000003
250306,0.156,,,,0.156,0.531,0.063,0.115,0.917,0.083
250308,0.13,,,,0.11599999999999999,0.609,,0.11599999999999999,0.95,
250312,0.1,,,,0.09,0.68,0.07,0.06,0.95,0.05
250316,0.049,,,,,0.612,0.204,,0.95,
250320,0.084,,,,0.07400000000000001,0.568,0.084,0.053,0.905,0.095
250328,0.044000000000000004,,,,,0.8,,,0.9329999999999999,
250336,0.24600000000000002,,,0.115,0.131,0.49200000000000005,0.098,,0.934,
250348,0.239,,,,0.22399999999999998,0.38799999999999996,0.209,,0.8809999999999999,0.11900000000000001
250350,0.073,,,,0.073,0.385,0.20800000000000002,,0.885,0.115
250360,0.053,,,,,0.439,0.12300000000000001,,0.8420000000000001,0.158
250362,0.021,,,,,0.563,0.22899999999999998,,0.8959999999999999,0.10400000000000001
250364,0.042,,,,,0.611,0.16699999999999998,,0.903,0.09699999999999999
250378,0.07200000000000001,,,,0.062,0.835,0.08199999999999999,,0.95,
250380,0.065,,,,,0.7609999999999999,,,0.9129999999999999,
260306,0.253,,,0.133,0.107,0.667,,,0.95,
260308,0.139,,,,0.125,0.542,0.18100000000000002,,0.875,0.125
260310,0.171,,,,0.122,0.573,0.11,,0.89,0.11
260312,0.0,,,,,0.9329999999999999,,,0.9329999999999999,
260316,0.059000000000000004,,,,,0.5589999999999999,,,0.765,0.235
260320,0.092,,,,0.092,0.575,0.138,0.069,0.897,0.10300000000000001
260326,0.174,,,0.073,0.073,0.45899999999999996,0.092,,0.826,0.174
260332,0.111,,,0.069,,0.75,,,0.95,
260338,0.172,,,0.071,0.081,0.505,,0.071,0.818,0.182
260340,0.18,,,0.12,,0.52,,,0.84,0.16
260342,0.125,,,,0.10400000000000001,0.5,0.22899999999999998,,0.917,0.083
260344,0.20600000000000002,,,,0.147,0.588,,,0.912,
260348,0.122,,,,0.078,0.36700000000000005,0.078,0.133,0.767,0.233
260352,0.19,,,,0.138,0.655,,,0.897,0.10300000000000001
260356,0.091,,,,,0.818,,,0.95,
260361,0.06,,,,,0.4,,0.16,0.68,0.32
260364,0.149,,,,0.139,0.495,0.257,,0.9209999999999999,0.079
260366,0.08,,,,0.06,0.8,,,0.95,0.05
260367,0.215,,,0.162,0.054000000000000006,0.615,,,0.892,0.10800000000000001
260370,0.079,,,,0.079,0.645,,,0.816,0.184
260373,0.092,,,,0.092,0.541,0.165,,0.8170000000000001,0.183
260375,0.018000000000000002,,,,,0.7190000000000001,,0.105,0.93,
260380,0.10300000000000001,,,,0.055999999999999994,0.667,,,0.8809999999999999,0.11900000000000001
260382,0.33799999999999997,,,0.163,0.15,0.45,0.075,,0.875,0.125
260386,0.07400000000000001,,,,,0.537,0.111,,0.722,0.278
260396,0.11900000000000001,,,,0.11900000000000001,0.44799999999999995,0.075,0.10400000000000001,0.821,0.179
260397,0.086,,,,,0.75,,,0.914,0.086
260398,0.141,,,0.106,,0.588,,,0.8,0.2
260400,0.309,,,0.08800000000000001,0.221,0.485,,,0.882,0.11800000000000001
260401,0.048,,,,,0.484,0.242,,0.871,0.129
260402,0.177,,,,0.145,0.5,,,0.79,0.21
260403,0.14300000000000002,,,0.099,,0.593,,,0.879,0.121
260404,0.159,,,0.11599999999999999,,0.667,0.07200000000000001,,0.9279999999999999,0.07200000000000001
260405,0.10400000000000001,,,,0.10400000000000001,0.521,,,0.708,0.292
260407,0.133,,,,0.106,0.6990000000000001,,0.062,0.938,0.062
260410,0.094,,,,0.094,0.516,,0.125,0.828,0.172
260414,0.177,,,,0.127,0.557,0.08900000000000001,0.08900000000000001,0.9109999999999999,0.08900000000000001
260415,0.06,,,,0.06,0.82,0.068,,0.95,
260416,0.297,,,0.162,,0.649,,,0.95,
260426,0.145,,,,0.09699999999999999,0.581,,,0.8059999999999999,0.19399999999999998
260430,0.222,,,,0.198,0.679,,,0.95,
260434,0.127,,,0.076,0.051,0.7909999999999999,,,0.95,
260440,0.145,,,,0.087,0.493,0.07200000000000001,,0.812,0.188
260444,0.16699999999999998,,,,,0.667,,,0.917,
260448,0.18100000000000002,,,0.138,,0.7759999999999999,,,0.95,
260450,0.309,,,0.132,0.17600000000000002,0.485,,,0.853,0.147
260452,0.11900000000000001,,,,0.095,0.41700000000000004,0.179,0.06,0.7979999999999999,0.20199999999999999
260459,0.315,,,0.13699999999999998,0.16399999999999998,0.43799999999999994,,,0.795,0.205
26B000,0.032,,,,,0.774,,,0.855,0.145
26C000,0.04,,,,,0.56,,,0.78,0.22
270304,0.063,,,,,0.594,0.313,,0.95,
270309,0.08900000000000001,,,,,0.589,,,0.8390000000000001,0.161
270310,0.08199999999999999,,,,0.08199999999999999,0.588,0.318,,0.95,
270312,0.0,,,,,0.867,,,0.95,
270316,0.218,,,0.149,0.069,0.644,,,0.943,0.057
270320,0.171,,,,0.171,0.537,0.122,,0.902,
27A000,0.25,,,,,,,,,
280302,0.163,,,,0.163,0.551,0.102,,0.95,
280308,0.08900000000000001,,,,0.067,0.711,0.133,,0.95,
280310,0.063,,,0.053,,0.747,,,0.884,0.11599999999999999
280312,0.08,,,,0.07200000000000001,0.536,0.192,,0.92,0.08
280324,0.14,,,0.105,,0.807,,,0.95,
290302,0.023,,,,,0.605,,,0.698,0.302
290306,0.059000000000000004,,,,0.059000000000000004,0.682,0.08199999999999999,,0.871,0.129
290307,0.16399999999999998,,,,0.145,0.6,,,0.8,0.2
290310,0.667,,,,,,,,,
290312,0.091,,,,0.091,0.532,0.16899999999999998,,0.805,0.195
290316,0.038,,,,,0.705,,0.064,0.872,0.128
290320,0.08,,,,0.08,0.52,0.307,,0.92,0.08
290328,0.061,,,,0.061,0.7440000000000001,0.134,,0.95,
290330,0.03,,,,,0.657,0.26899999999999996,,0.95,
290332,0.019,,,,,0.613,,0.066,0.774,0.226
290333,0.037000000000000005,,,,,0.765,0.111,,0.914,0.086
290344,0.064,,,,0.064,0.6920000000000001,0.141,,0.9359999999999999,0.064
290352,0.04,,,,,0.547,0.12,,0.8270000000000001,0.17300000000000001
290356,0.113,,,,0.113,0.565,0.177,,0.871,0.129
290364,0.156,,,,0.156,0.489,0.244,,0.889,0.111
290366,0.11900000000000001,,,,0.11900000000000001,0.532,,,0.7340000000000001,0.266
290375,0.0,,,,,0.565,0.129,0.113,0.8059999999999999,0.19399999999999998
290380,0.086,,,,0.079,0.705,,0.05,0.885,0.115
290384,0.06,,,,0.05,0.56,0.19,,0.86,0.14
291308,0.27899999999999997,,,0.17800000000000002,0.085,0.426,0.054000000000000006,,0.884,0.11599999999999999
291340,0.191,,,0.11699999999999999,0.064,0.532,0.266,,0.95,
291350,0.25,,,,,,,,,
291352,0.5,,,0.433,,0.5,,,0.95,
292318,0.105,,,,0.099,0.38,0.057999999999999996,,0.6779999999999999,0.322
300308,0.092,,,,0.08199999999999999,0.5,0.133,,0.7959999999999999,0.204
300310,0.129,,,,0.129,0.597,,,0.871,0.129
300320,0.109,,,,0.098,0.5,0.25,,0.8909999999999999,0.109
300326,0.107,,,,0.095,0.7859999999999999,,,0.95,
300328,0.062,,,,0.062,0.732,0.113,,0.9279999999999999,0.07200000000000001
300336,0.061,,,,,0.667,0.076,,0.924,0.076
310304,0.095,,,,0.076,0.419,0.105,0.057,0.743,0.257
310308,0.218,,,0.11900000000000001,0.08900000000000001,0.574,,,0.9009999999999999,0.099
310330,0.11599999999999999,,,0.10099999999999999,,0.623,,,0.899,0.10099999999999999
310336,0.076,,,,,0.36200000000000004,0.067,,0.7140000000000001,0.28600000000000003
310356,0.228,,,0.14,,0.474,0.12300000000000001,,0.9470000000000001,
310360,0.258,,,0.151,0.09699999999999999,0.505,0.129,,0.95,
310384,0.131,0.07400000000000001,,,0.057,0.361,0.098,,0.672,0.32799999999999996
310388,0.039,,,,,0.496,0.165,,0.764,0.23600000000000002
320304,0.044000000000000004,,,,,0.33299999999999996,,0.061,0.7020000000000001,0.298
320308,0.096,,,,0.096,0.28800000000000003,,,0.519,0.48100000000000004
320310,0.11199999999999999,0.061,,,0.051,0.204,0.255,,0.643,0.35700000000000004
320313,0.059000000000000004,,,,,0.667,0.127,,0.882,0.11800000000000001
320315,0.03,,,,,0.34,0.19,,0.6,0.4
320318,0.09300000000000001,,,,0.07,0.581,0.081,,0.884,0.11599999999999999
320319,0.075,0.057,,,,0.635,0.11900000000000001,,0.899,0.10099999999999999
320320,0.10099999999999999,0.071,,,,0.28300000000000003,,0.051,0.525,0.475
320324,0.092,,,,0.067,0.58,0.185,,0.9159999999999999,0.084
320327,0.098,,,,0.078,0.441,0.078,,0.657,0.34299999999999997
320328,0.139,0.059000000000000004,,,0.069,0.317,0.327,,0.8420000000000001,0.158
320332,0.138,0.10099999999999999,,,,0.596,0.073,,0.8170000000000001,0.183
320336,0.0,,,,,,,,,
320339,0.107,,,,0.067,0.213,0.56,,0.88,0.12
320340,0.0,,,,,0.607,,,0.672,0.32799999999999996
320344,0.0,,,,,0.349,0.18600000000000003,,0.698,0.302
320347,0.018000000000000002,,,,,0.6,0.127,,0.782,0.218
320348,0.036000000000000004,,,,,0.7090000000000001,0.218,,0.95,
320352,0.094,,,,0.07,0.16399999999999998,0.344,,0.68,0.32
320354,0.0,,,,,0.929,,,0.929,
320360,0.066,,,,,0.395,0.19699999999999998,,0.7759999999999999,0.22399999999999998
320362,0.106,,,,0.064,0.34,0.35100000000000003,,0.915,0.085
320363,0.19699999999999998,,,,0.145,0.395,0.25,,0.8420000000000001,0.158
320364,0.0,,,,,0.735,0.258,,0.95,
320367,0.10800000000000001,,,,0.10800000000000001,0.585,0.138,,0.892,0.10800000000000001
320369,0.098,,,,0.098,0.48,0.078,0.059000000000000004,0.735,0.265
320372,0.10099999999999999,,,,0.064,0.413,0.303,,0.862,0.138
320374,0.027999999999999997,,,,,0.19399999999999998,0.306,,0.556,0.444
320376,0.10099999999999999,,,,0.10099999999999999,0.551,0.11199999999999999,0.055999999999999994,0.865,0.135
320388,0.0,,,,,0.22399999999999998,,,0.235,0.765
320400,0.0,,,,,0.247,0.233,,0.589,0.41100000000000003
32A000,0.0,,,,,0.667,,,0.772,0.228
32B000,0.122,,,,,0.245,0.327,,0.735,0.265
32C000,0.03,,,,,0.242,0.182,,0.545,0.455
32D000,0.031,,,,,0.785,0.138,,0.95,
32H000,0.013000000000000001,,,,,0.434,0.22399999999999998,0.066,0.737,0.263
32K000,0.111,,,,0.079,0.778,,,0.95,
32L000,0.151,,,0.132,,0.755,,,0.934,0.066
32M000,0.048,,,,,0.28600000000000003,0.47600000000000003,,0.81,
32P000,0.2,,,,,0.467,,,0.867,
32Q000,0.0,,,,,,,,,0.8
330304,0.264,,,0.20800000000000002,0.055999999999999994,0.44,0.096,,0.856,0.14400000000000002
330308,0.158,,,0.11699999999999999,,0.41700000000000004,0.258,,0.917,0.083
330312,0.064,,,,,0.255,0.213,,0.851,0.149
330334,0.21899999999999997,,,,0.156,0.21899999999999997,0.25,,0.7809999999999999,0.21899999999999997
330354,0.114,,,,0.114,0.177,0.127,,0.544,0.456
330360,0.057999999999999996,,,,,0.26899999999999996,0.115,,0.654,0.34600000000000003
33A000,0.059000000000000004,,,0.05,,0.525,,0.059000000000000004,0.792,0.20800000000000002
340308,0.157,,,,0.157,0.247,0.146,,0.573,0.42700000000000005
340314,0.07400000000000001,,,,0.062,0.395,,0.07400000000000001,0.593,0.40700000000000003
340320,0.054000000000000006,,,,,0.703,,,0.777,0.223
340326,0.017,,,,,0.736,0.099,0.057999999999999996,0.909,0.091
340334,0.127,,,,0.127,0.664,0.155,,0.945,0.055
340344,1.0,,,,0.95,,,,0.95,
340348,0.044000000000000004,,,,,0.7959999999999999,0.071,,0.929,0.071
340351,0.28600000000000003,,0.14300000000000002,,,0.163,0.122,,0.612,0.38799999999999996
340354,0.0,,,,,0.8809999999999999,,,0.929,
340368,0.122,,,,0.11199999999999999,0.184,0.184,,0.51,0.49
340376,0.08,,,,0.054000000000000006,0.304,0.08,,0.509,0.491
340380,0.10099999999999999,,,,0.10099999999999999,0.319,0.185,,0.639,0.361
340384,0.105,,,,0.09300000000000001,0.488,,,0.64,0.36
340390,0.057,,,,,0.369,0.14800000000000002,,0.615,0.385
340400,0.162,,,,0.149,0.37799999999999995,0.17600000000000002,,0.757,0.243
340403,0.012,,,,,0.8640000000000001,0.086,,0.95,
340416,0.16699999999999998,,,,0.153,0.5489999999999999,,,0.8059999999999999,0.19399999999999998
340424,0.022000000000000002,,,,,0.33299999999999996,,,0.4,0.6
340426,0.08199999999999999,,,,0.08199999999999999,0.619,0.075,0.068,0.8440000000000001,0.156
340428,0.09,,,,0.07200000000000001,0.405,,,0.55,0.45
340430,0.099,,,,0.08800000000000001,0.363,0.08800000000000001,,0.5820000000000001,0.418
340432,0.028999999999999998,,,,,0.895,0.067,,0.95,
340440,0.075,,,,0.067,0.836,,,0.95,
340447,0.083,,,,,0.25,0.133,,0.483,0.517
340448,0.086,,,,0.086,0.419,0.065,0.075,0.645,0.355
340453,0.10099999999999999,,,,0.091,0.5660000000000001,0.091,0.051,0.8079999999999999,0.192
340457,0.065,,,,0.055999999999999994,0.7659999999999999,,,0.887,0.113
340462,0.154,,,,0.154,0.354,0.077,0.077,0.662,0.33799999999999997
340472,0.049,,,,,0.753,,0.062,0.914,0.086
340476,0.128,0.053,,,0.07400000000000001,0.39399999999999996,0.39399999999999996,,0.9259999999999999,0.07400000000000001
340490,0.138,,,,0.10300000000000001,0.276,,,0.552,0.44799999999999995
340494,0.106,,,,0.094,0.718,,0.08199999999999999,0.95,
340504,0.125,,,,0.098,0.518,0.17,,0.857,0.14300000000000002
340508,0.127,,,,0.11800000000000001,0.578,0.20600000000000002,,0.922,0.078
340512,0.085,,,,0.085,0.8290000000000001,,,0.95,
340514,0.183,,,,0.183,0.5,,,0.8170000000000001,0.183
340520,0.225,,,,0.18,0.371,0.16899999999999998,,0.775,0.225
340528,0.068,,,,0.068,0.8029999999999999,,,0.915,0.085
340530,0.085,,,,0.085,0.49200000000000005,,0.085,0.6609999999999999,0.33899999999999997
340531,1.0,,,,,,,,,
340532,0.076,,,,0.076,0.563,0.14300000000000002,,0.815,0.185
340536,0.081,,,,0.073,0.847,,,0.9440000000000001,0.055999999999999994
340540,0.057999999999999996,,,,0.057999999999999996,0.6859999999999999,,0.083,0.843,0.157
340548,0.15,,,,0.134,0.528,0.11,,0.8190000000000001,0.18100000000000002
340560,0.063,,,,0.063,0.875,,,0.95,
34B000,0.0,,,,,0.484,,0.226,0.774,0.226
34D000,0.5329999999999999,,,0.433,,0.233,,,0.767,0.233
34F000,0.547,0.307,0.24,,,0.42700000000000005,,,0.95,
34G000,0.032,,,,,0.6609999999999999,0.226,,0.95,
34H000,0.067,,,,,0.8220000000000001,,,0.9329999999999999,
350304,0.105,,,,0.061,0.57,0.105,0.061,0.895,0.105
350316,0.09300000000000001,,,,0.09300000000000001,0.5870000000000001,0.16,0.067,0.9329999999999999,0.067
350318,0.11,,,,0.098,0.402,0.183,,0.78,0.22
350330,0.265,,,0.245,,0.531,,,0.857,0.14300000000000002
350331,0.237,,,0.175,0.062,0.557,0.062,,0.897,0.10300000000000001
350332,0.063,,,,0.063,0.494,0.076,0.139,0.848,0.152
350339,0.21899999999999997,,,0.094,0.115,0.563,0.10400000000000001,,0.927,0.073
350340,0.055999999999999994,,,,,0.634,0.155,,0.93,0.07
35A000,0.0,,,,,0.895,,,0.895,
360320,0.023,,,,,0.753,0.126,,0.925,0.075
360332,0.047,,,,,0.447,0.129,,0.718,0.282
360340,0.059000000000000004,,,,,0.624,0.149,,0.871,0.129
360344,0.099,,,,0.099,0.455,0.099,,0.772,0.228
360348,0.017,,,,,0.517,,,0.65,0.35
360352,0.049,,,,,0.531,,,0.716,0.284
360364,0.075,,,,0.075,0.575,0.302,,0.95,
360376,0.13,,,,0.12,0.556,0.102,,0.861,0.139
360392,0.26,,,0.073,0.188,0.32299999999999995,,,0.698,0.302
360394,0.7140000000000001,,,,0.7140000000000001,,,,0.95,
360400,0.098,,,,0.069,0.49,0.078,,0.775,0.225
360432,0.134,,,,0.134,0.57,0.067,,0.8590000000000001,0.141
360438,0.039,,,,,0.355,0.21100000000000002,,0.6579999999999999,0.342
360440,0.129,,,,0.11900000000000001,0.6629999999999999,0.099,,0.9309999999999999,0.069
360448,0.13,,,,,0.609,,,0.95,
360460,0.0,,,,,0.344,0.391,,0.75,0.25
360464,0.071,,,,,0.7759999999999999,,,0.9179999999999999,0.08199999999999999
360468,0.129,,,,0.09699999999999999,0.419,0.32299999999999995,,0.887,0.113
360478,0.078,,,,0.069,0.618,0.147,,0.873,0.127
360480,0.0,,,,,0.408,,,0.633,0.36700000000000005
360482,0.16,,0.12300000000000001,,,0.613,0.12300000000000001,,0.925,0.075
360484,0.0,,,,,0.263,,,0.4,0.6
360488,0.0,,,,,0.667,0.19,,0.905,0.095
360490,0.16,,,,0.134,0.479,0.185,,0.899,0.10099999999999999
360492,0.155,,,,0.126,0.408,0.136,,0.738,0.262
360504,0.081,,,,0.081,0.613,0.129,,0.871,0.129
360510,0.081,,,,,0.6940000000000001,0.09,,0.91,0.09
360520,0.095,,,,,0.413,0.19,,0.794,0.20600000000000002
36B000,0.04,,,,,0.75,0.09,,0.9,0.1
36C000,0.091,,,,0.068,0.7609999999999999,,,0.932,0.068
370304,0.11900000000000001,,,,0.11900000000000001,0.5,0.31,,0.95,
370316,0.1,,,,0.1,0.54,,,0.84,0.16
370324,0.25,,,0.136,,0.47700000000000004,,,0.909,
380306,0.092,,,,0.092,0.586,0.23,,0.95,
390311,0.154,,,0.141,,0.474,,,0.7440000000000001,0.256
390312,0.098,,,,0.073,0.37799999999999995,0.159,,0.6709999999999999,0.32899999999999996
390316,0.209,,,0.11900000000000001,0.075,0.38799999999999996,,,0.687,0.313
390333,0.161,,,0.125,,0.732,,,0.929,
390336,0.0,,,,,0.37,,,0.7170000000000001,0.28300000000000003
390360,0.122,,,,,0.531,,,0.878,0.122
390362,0.20199999999999999,,,0.155,,0.7020000000000001,,,0.95,
390364,0.366,,,0.312,0.054000000000000006,0.376,,,0.753,0.247
390368,0.14,,,0.12300000000000001,,0.579,,,0.86,0.14
39A000,0.0,,,,,0.816,,,0.9209999999999999,
400332,0.1,,,,0.063,0.397,0.142,,0.762,0.23800000000000002
410304,0.07,,,,0.07,0.69,0.113,,0.9009999999999999,0.099
410307,0.111,,,,0.111,0.486,0.23600000000000002,0.069,0.917,0.083
410310,0.036000000000000004,,,,,0.45799999999999996,0.27699999999999997,,0.7829999999999999,0.217
410322,0.069,,,,,0.5,0.09699999999999999,,0.722,0.278
410328,0.141,,,,0.141,0.315,0.152,,0.6409999999999999,0.359
410331,0.102,,,,0.102,0.327,0.204,,0.6940000000000001,0.306
410334,0.16699999999999998,,,,0.16699999999999998,0.289,,0.1,0.667,0.33299999999999996
410337,0.07200000000000001,,,,0.07200000000000001,0.841,,,0.95,
410340,0.068,,,,,0.6609999999999999,,0.11900000000000001,0.932,
410343,0.068,,,,0.068,0.767,0.068,,0.95,
410346,0.053,,,,0.053,0.755,0.11699999999999999,,0.9259999999999999,0.07400000000000001
410349,0.113,,,,0.1,0.3,0.15,,0.65,0.35
410361,0.022000000000000002,,,,,0.622,0.156,,0.8220000000000001,0.17800000000000002
410364,0.133,,,,0.1,0.25,0.083,,0.5329999999999999,0.467
410366,0.152,,,,0.121,0.33299999999999996,0.081,,0.657,0.34299999999999997
410370,0.054000000000000006,,,,,0.713,0.132,,0.922,0.078
410373,0.075,,,,0.075,0.40299999999999997,0.16399999999999998,,0.716,0.284
410376,0.17300000000000001,,,,0.17300000000000001,0.28800000000000003,,0.096,0.6729999999999999,0.327
410379,1.0,,,,,,,,,
410382,0.09699999999999999,,,,0.09699999999999999,0.611,,,0.847,0.153
410385,0.22399999999999998,,,,0.22399999999999998,0.28600000000000003,0.14300000000000002,,0.6729999999999999,0.327
410388,0.047,,,,,0.741,,,0.871,0.129
410398,1.0,0.95,,,,,,,0.95,
410400,0.057,,,,,0.509,0.27399999999999997,,0.887,0.113
410403,0.18,,,,0.18,0.34,,0.12,0.68,0.32
410409,0.157,,,,0.157,0.337,0.16899999999999998,,0.711,0.289
410412,0.126,,,,0.11699999999999999,0.45899999999999996,0.09,,0.73,0.27
410418,0.091,,,,0.091,0.409,0.28800000000000003,,0.848,0.152
410423,0.113,,,,0.094,0.594,0.198,,0.943,0.057
410424,0.047,,,,,0.6940000000000001,,0.059000000000000004,0.8590000000000001,0.141
410427,0.133,,,,0.133,0.42200000000000004,,,0.711,0.289
410430,0.065,,,,0.065,0.605,0.055999999999999994,,0.7979999999999999,0.20199999999999999
410436,0.163,,,,0.163,0.469,0.14300000000000002,,0.8370000000000001,0.163
410439,0.040999999999999995,,,,,0.408,0.122,,0.6729999999999999,0.327
410451,0.147,,,,0.147,0.662,,,0.9259999999999999,0.07400000000000001
410454,0.129,,,,,0.419,0.19399999999999998,,0.8059999999999999,0.19399999999999998
410457,1.0,,,,0.95,,,,0.95,
410461,0.079,,,,0.079,0.413,0.20600000000000002,,0.746,0.254
410462,0.053,,,,,0.368,0.175,,0.6579999999999999,0.342
410464,1.0,,,,,,,,,
410466,0.055999999999999994,,,,,0.722,,,0.889,0.111
410469,0.079,,,,0.069,0.495,0.139,0.059000000000000004,0.792,0.20800000000000002
410472,0.035,,,,,0.7909999999999999,,,0.93,0.07
410478,0.064,,,,,0.40399999999999997,0.128,0.106,0.809,0.191
410481,0.1,,,,,0.5,,,0.825,0.175
410486,0.099,,,,0.099,0.8420000000000001,,,0.95,
410491,0.059000000000000004,,,,0.059000000000000004,0.857,,0.05,0.95,
410496,0.057999999999999996,,,,,0.466,0.223,,0.767,0.233
410499,0.038,,,,,0.37200000000000005,0.244,0.064,0.731,0.26899999999999996
410502,0.024,,,,,0.8079999999999999,0.152,,0.95,
410505,0.077,,,,0.077,0.484,0.14300000000000002,0.066,0.7909999999999999,0.209
410511,0.183,,,,0.183,0.3,0.15,,0.667,0.33299999999999996
410514,0.125,,,,0.125,0.391,0.141,0.078,0.7659999999999999,0.23399999999999999
410517,0.19,,,,0.19,0.414,0.22399999999999998,,0.845,0.155
410522,0.084,,,,0.084,0.542,0.053,0.061,0.779,0.221
410523,0.152,,,,0.152,0.636,,,0.8640000000000001,0.136
410530,0.107,,,,0.107,0.507,0.107,0.08,0.813,0.187
410532,0.10800000000000001,,,,0.1,0.35,0.057999999999999996,0.067,0.617,0.38299999999999995
410535,0.10800000000000001,,,,0.095,0.486,,0.122,0.757,0.243
410538,0.163,,,,0.14300000000000002,0.337,0.051,0.071,0.755,0.245
410541,0.113,,,,0.07200000000000001,0.66,,,0.897,0.10300000000000001
410542,0.092,,,,0.092,0.42100000000000004,0.184,,0.737,0.263
410553,0.05,,,,,0.65,0.11699999999999999,,0.867,0.133
410559,0.049,,,,,0.754,0.08199999999999999,,0.902,0.098
410568,0.033,,,,,0.8,0.11699999999999999,,0.95,
410571,0.043,,,,,0.797,0.11599999999999999,,0.95,
410574,0.055,,,,,0.845,,,0.95,
410577,0.12,,,,0.10300000000000001,0.282,,0.068,0.573,0.42700000000000005
410578,0.10300000000000001,,,,0.10300000000000001,0.5379999999999999,0.26899999999999996,,0.9359999999999999,0.064
410580,0.2,,,,0.18600000000000003,0.429,0.071,,0.8,0.2
410583,0.135,,,,0.135,0.519,0.096,,0.8079999999999999,0.192
410586,0.13,,,,0.13,0.478,0.109,,0.7829999999999999,0.217
410598,0.038,,,,,0.302,0.17,,0.642,0.358
41B000,0.012,,,,,0.821,0.155,,0.95,
41C000,0.63,,,0.63,,0.37,,,0.95,
41D000,0.011000000000000001,,,,,0.617,0.23399999999999999,,0.883,0.11699999999999999
41F000,0.025,,,,,0.613,,,0.688,0.313
41G000,0.253,,,0.228,,0.633,,,0.9490000000000001,
41H000,0.0,,,,,0.5710000000000001,0.2,,0.8859999999999999,
41J000,0.0,,,,,0.69,0.131,,0.833,0.16699999999999998
420304,0.10099999999999999,,,,0.10099999999999999,0.42,0.188,,0.7829999999999999,0.217
420316,0.0,,,,,0.455,,,0.818,
420328,0.0,,,,,0.45799999999999996,,,0.583,0.41700000000000004
420336,0.125,,,,,0.5,,,0.7190000000000001,0.281
420340,0.0,,,,,0.377,0.17,,0.604,0.396
420348,0.0,,,,,0.696,,,0.9129999999999999,
420356,0.0,,,,,0.43799999999999994,,,0.563,0.43799999999999994
421304,0.107,,,,0.068,0.583,0.068,,0.8740000000000001,0.126
421328,0.092,,,,0.083,0.45,0.15,,0.792,0.20800000000000002
422314,0.013000000000000001,,,,,0.321,0.077,,0.615,0.385
430308,0.078,,,,,0.409,0.188,,0.708,0.292
430312,0.044000000000000004,,,,,0.456,0.20600000000000002,,0.794,0.20600000000000002
430316,0.02,,,,,0.52,0.22399999999999998,,0.7759999999999999,0.22399999999999998
430320,0.073,,,,,0.5820000000000001,0.309,,0.95,
430328,0.028999999999999998,,,,,0.436,0.293,,0.7859999999999999,0.214
430336,0.057,,,,0.057,0.506,0.195,,0.77,0.23
430344,0.08800000000000001,,,,0.081,0.39,0.132,,0.669,0.331
430348,0.057,,,,,0.377,0.17,,0.698,0.302
430349,0.048,,,,,0.721,0.102,,0.9179999999999999,0.08199999999999999
430352,0.042,,,,,0.602,0.24600000000000002,,0.89,0.11
430358,0.127,,,,0.11800000000000001,0.42700000000000005,0.2,,0.809,0.191
430369,0.044000000000000004,,,,,0.522,0.11,,0.728,0.272
430376,0.04,,,,,0.529,0.057,,0.695,0.305
43C000,0.129,,,,,0.871,,,0.95,
440314,0.071,,,,0.071,0.726,0.071,0.071,0.95,
440324,0.132,,,,0.113,0.5660000000000001,0.151,,0.887,0.113
440328,0.111,,,,0.099,0.679,0.062,,0.9259999999999999,0.07400000000000001
440332,0.152,,,,0.152,0.7879999999999999,,,0.95,
440348,0.113,,,,0.113,0.625,0.063,0.063,0.875,0.125
440349,0.078,,,,,0.608,0.21600000000000003,,0.922,
440350,0.069,,,,,0.741,0.086,,0.95,
440364,0.12,,,,0.12,0.6,0.12,,0.92,
440368,0.054000000000000006,,,,,0.5539999999999999,,0.095,0.8240000000000001,0.17600000000000002
450302,0.03,,,,,0.701,0.239,,0.95,
450306,0.14300000000000002,,,,0.14300000000000002,0.5429999999999999,0.071,,0.8859999999999999,0.114
450307,0.024,,,,,0.6829999999999999,0.207,,0.95,
450308,0.071,,,,0.059000000000000004,0.565,0.32899999999999996,,0.95,
450322,0.159,,,,0.159,0.49200000000000005,0.317,,0.95,
450324,0.081,,,,0.081,0.703,0.21600000000000003,,0.95,
450332,0.07200000000000001,,,,0.06,0.6509999999999999,0.12,,0.95,
450333,0.11,,,,0.08199999999999999,0.795,,,0.95,
450336,0.1,,,,0.1,0.564,0.11800000000000001,,0.95,
450339,0.044000000000000004,,,,,0.7909999999999999,0.099,,0.95,
450340,0.107,,,,0.107,0.607,,0.06,0.94,0.06
450344,0.105,,,,0.079,0.539,0.171,,0.9079999999999999,0.092
450346,0.105,,,,0.105,0.523,0.256,,0.9420000000000001,0.057999999999999996
45A000,0.2,,,,,0.75,,,0.95,
460312,0.243,,,0.153,0.09,0.46299999999999997,,,0.8590000000000001,0.141
460332,0.20800000000000002,,,0.132,,0.34,,,0.774,0.226
470310,0.27399999999999997,,,0.168,0.106,0.575,,,0.903,0.09699999999999999
470316,0.21100000000000002,,,0.158,,0.5,0.158,,0.9209999999999999,
470328,0.18,,,,0.15,0.32,,0.08,0.71,0.29
470330,0.122,,,,0.102,0.408,0.122,0.122,0.816,0.184
470336,0.038,,,,,0.377,,,0.604,0.396
470340,0.073,,,,0.055,0.7,0.055,,0.909,0.091
470346,0.1,,,0.05,0.05,0.6,0.11,,0.9,0.1
470441,0.069,,,,0.059000000000000004,0.431,0.304,,0.804,0.196
480306,0.027999999999999997,,,,,0.583,,,0.8059999999999999,0.19399999999999998
480316,0.077,,,,,0.846,,,0.95,
490312,0.037000000000000005,,,,,0.579,0.10300000000000001,,0.794,0.20600000000000002
490316,0.106,,,,,0.66,0.149,,0.95,
490318,0.083,,,,,0.833,,,0.95,
490319,0.08199999999999999,,,,0.057,0.402,0.27,,0.828,0.172
490324,0.109,,,,0.078,0.7190000000000001,,,0.95,
490326,0.122,,,,0.106,0.431,0.252,,0.846,0.154
490332,0.214,,,0.171,,0.7,,,0.95,
490336,0.045,,,,,0.8640000000000001,,,0.95,
490337,0.19699999999999998,,,0.165,,0.7240000000000001,,,0.945,0.055
490345,0.133,,,,0.12,0.313,0.10800000000000001,0.084,0.735,0.265
490348,0.27899999999999997,,,0.221,,0.603,,,0.941,
490350,0.4,,,,,,,,,
490356,0.08199999999999999,,,,,0.721,0.098,,0.9179999999999999,0.08199999999999999
490360,0.23800000000000002,,,0.2,,0.688,,,0.95,
490363,0.198,,,0.08800000000000001,0.08800000000000001,0.44,,,0.7140000000000001,0.28600000000000003
490364,0.17,,,0.071,0.08900000000000001,0.527,0.11599999999999999,,0.884,0.11599999999999999
490368,0.212,,,0.135,,0.5379999999999999,0.154,,0.9420000000000001,
490390,0.05,,,,,0.9009999999999999,,,0.95,
491316,0.046,,,,,0.821,0.11599999999999999,,0.95,
491318,0.061,,,,,0.78,0.11,,0.95,
491320,0.081,,,,0.07400000000000001,0.733,0.133,,0.95,
49B000,0.11699999999999999,,,0.083,,0.7829999999999999,,,0.9329999999999999,
49D000,0.0,,,,,,,,,0.727
49E000,0.0,,,,,0.821,0.163,,0.95,
49F000,0.065,,,,0.065,0.848,,,0.95,
500304,0.161,,,,0.161,0.446,0.23199999999999998,,0.95,
500314,0.068,,,,0.068,0.603,0.247,,0.932,0.068
500316,0.037000000000000005,,,,,0.40700000000000003,0.222,,0.889,
500324,0.4,,,,,,,,0.95,
500332,0.048,,,,,0.5710000000000001,0.28600000000000003,,0.929,
500337,0.051,,,,,0.5379999999999999,0.282,,0.95,
50A000,0.0,,,,,0.875,,,0.95,
510308,0.099,,,,0.076,0.382,0.29,,0.8170000000000001,0.183
510326,0.055999999999999994,,,,0.055999999999999994,0.657,0.161,,0.93,0.07
510328,0.048,,,,,0.8,0.138,,0.95,
510330,0.14300000000000002,,,,0.11,0.593,0.099,,0.9009999999999999,0.099
510332,0.198,,,0.08900000000000001,0.099,0.535,0.218,,0.95,0.05
510334,0.081,,,,0.061,0.737,0.061,,0.95,
510336,0.07400000000000001,,,,0.07400000000000001,0.695,0.147,,0.95,
510340,0.14800000000000002,,,,0.142,0.525,0.309,,0.95,
510356,0.065,,,,0.065,0.639,0.222,,0.9440000000000001,0.055999999999999994
510358,0.068,,,,0.068,0.599,0.19,,0.932,0.068
510360,0.23199999999999998,,,0.10099999999999999,0.11599999999999999,0.536,,,0.9279999999999999,0.07200000000000001
510372,0.055,,,,,0.55,0.358,,0.95,
510373,0.083,,,,,0.6970000000000001,0.10099999999999999,,0.917,0.083
510374,0.113,,,,0.064,0.652,0.17,,0.95,0.05
510377,0.045,,,,,0.667,0.244,,0.95,
510378,0.037000000000000005,,,,,0.6940000000000001,0.19399999999999998,,0.95,
510388,0.138,,,,0.075,0.32799999999999996,0.195,,0.741,0.259
510396,0.24100000000000002,,,0.152,0.08900000000000001,0.48100000000000004,0.165,,0.9109999999999999,0.08900000000000001
510404,0.07200000000000001,,,,,0.639,0.157,,0.867,0.133
510408,0.20800000000000002,,,,0.13,0.494,0.156,,0.909,0.091
510410,0.174,,,0.087,0.081,0.634,,,0.9420000000000001,0.057999999999999996
510414,0.048,,,,,0.747,0.16899999999999998,,0.95,
51A000,0.0,,,,,0.8,0.18600000000000003,,0.95,
520304,0.0,,,,,0.47600000000000003,,,0.95,
520308,0.21100000000000002,,,,,0.579,,,0.895,
520328,0.0,,,,,0.4,,,0.867,
520336,0.17600000000000002,,,,,0.529,0.265,,0.95,
530302,0.0,,,,,0.521,0.077,,0.7090000000000001,0.29100000000000004
530308,0.0,,,,,0.47600000000000003,0.256,,0.8290000000000001,0.171
530312,0.07,,,,0.061,0.452,,0.10400000000000001,0.73,0.27
530316,0.667,,,,,,,,,
530320,0.052000000000000005,,,,0.052000000000000005,0.626,0.165,,0.87,0.13
530340,0.033,,,,,0.557,0.213,,0.91,0.09
530346,0.045,,,,,0.775,,0.054000000000000006,0.883,0.11699999999999999
530354,0.052000000000000005,,,,0.052000000000000005,0.5820000000000001,0.067,0.06,0.828,0.172
530358,0.0,,,,,,,,,
540304,0.162,,,0.063,0.09,0.568,0.10800000000000001,,0.9279999999999999,0.07200000000000001
540308,0.126,,,,0.10800000000000001,0.369,0.18899999999999997,0.054000000000000006,0.9009999999999999,0.099
540316,0.139,,,,0.109,0.436,0.20800000000000002,,0.9009999999999999,0.099
540318,1.0,,,,,,,,,
540320,0.191,,,,0.157,0.685,,,0.95,
540325,0.21,,,0.105,0.095,0.295,0.14300000000000002,,0.752,0.248
540326,0.22699999999999998,,,0.107,0.12,0.547,0.08,,0.907,0.09300000000000001
540328,0.11800000000000001,,,,0.11800000000000001,0.5660000000000001,0.132,,0.934,0.066
540338,0.188,,,,0.188,0.125,,0.125,0.625,0.375
540340,0.157,,,,0.157,0.49,0.098,,0.902,0.098
54A000,0.35,,,0.3,,0.3,,,0.65,0.35
550312,0.266,,,0.08900000000000001,0.165,0.48100000000000004,,,0.9109999999999999,0.08900000000000001
550314,0.04,,,,,0.773,,,0.9470000000000001,
550316,0.0,,,,,0.588,0.098,,0.843,0.157
550328,0.096,,,,0.096,0.6509999999999999,0.096,,0.88,0.12
550336,0.315,,,0.13,0.16699999999999998,0.537,,,0.95,
550340,0.184,,,0.079,0.092,0.6579999999999999,,,0.9209999999999999,0.079
550342,0.16699999999999998,,,0.121,,0.561,,,0.818,0.182
550349,0.183,,,,0.151,0.688,0.086,,0.95,
550356,0.063,,,,0.063,0.74,0.094,,0.95,
550360,0.12300000000000001,,,,0.10800000000000001,0.585,0.138,,0.95,
550362,0.08800000000000001,,,,0.08800000000000001,0.747,0.121,,0.95,
550364,0.115,,,,0.096,0.7120000000000001,,,0.9229999999999999,
55A000,0.0,,,,,0.8640000000000001,0.086,,0.95,
560304,0.028999999999999998,,,,,0.75,,,0.941,
560316,0.177,,,,0.139,0.57,0.063,,0.873,0.127
560324,0.188,,,,,0.625,,,0.813,
560328,0.068,,,,0.068,0.6709999999999999,0.12300000000000001,,0.904,0.096
560332,0.14300000000000002,,,,,0.7140000000000001,,,0.95,
560338,0.126,,,0.063,0.063,0.695,,0.053,0.9159999999999999,0.084
570306,0.08800000000000001,,,,0.08800000000000001,0.7190000000000001,0.158,,0.95,
570312,0.17600000000000002,,,,,0.706,,,0.95,
570316,0.0,,,,,,,,0.95,
570320,0.027999999999999997,,,,,0.7609999999999999,0.099,,0.95,
580312,0.128,,,,0.11199999999999999,0.48,0.11199999999999999,,0.8079999999999999,0.192
580316,0.158,,,,0.158,0.184,0.474,,0.8420000000000001,0.158
580320,0.048,,,,,0.381,,,0.7140000000000001,0.28600000000000003
580324,0.16699999999999998,,,,,0.583,0.139,,0.917,
580356,0.128,,,,,0.5529999999999999,,,0.83,0.17
590306,0.08800000000000001,,,,0.07400000000000001,0.47100000000000003,0.07400000000000001,,0.706,0.294
590316,0.205,,,0.151,,0.616,,,0.9179999999999999,0.08199999999999999
590320,0.2,,,0.16,,0.627,0.067,,0.92,0.08
590332,0.221,,,,0.17600000000000002,0.485,,0.07400000000000001,0.838,0.162
590336,0.064,,,,,0.532,,,0.809,0.191
590340,0.262,,,0.131,0.131,0.557,,,0.934,
590344,0.0,,,,,0.522,,0.087,0.652,0.348
590352,0.16,,,,0.111,0.531,0.136,,0.852,0.14800000000000002
600300,0.222,0.10300000000000001,,,0.11800000000000001,0.23199999999999998,0.24100000000000002,,0.7140000000000001,0.28600000000000003
600308,0.141,,,,0.106,0.32899999999999996,0.22399999999999998,,0.741,0.259
600311,0.018000000000000002,,,,,0.21100000000000002,0.24600000000000002,,0.509,0.491
600314,0.039,,,,,0.87,0.057999999999999996,,0.95,
600316,0.049,,,,,0.647,,,0.755,0.245
600318,0.08900000000000001,,,,0.081,0.431,0.293,,0.821,0.179
600319,0.129,,,,0.106,0.4,0.17600000000000002,0.059000000000000004,0.7759999999999999,0.22399999999999998
600322,0.055999999999999994,,,,,0.847,0.073,,0.95,
600328,0.059000000000000004,,,,,0.723,0.109,,0.9009999999999999,0.099
600329,0.107,,,,0.066,0.39299999999999996,0.08199999999999999,,0.607,0.39299999999999996
600335,0.128,0.053,,,0.064,0.309,0.309,,0.745,0.255
600336,0.024,,,,,0.927,,,0.95,
600338,0.018000000000000002,,,,,0.711,0.114,,0.851,0.149
600344,0.075,,,,0.065,0.72,0.151,,0.946,0.054000000000000006
600346,0.0,,,,,0.6990000000000001,0.183,,0.882,0.11800000000000001
600349,0.036000000000000004,,,,,0.736,0.079,,0.857,0.14300000000000002
600352,0.068,,,,0.059000000000000004,0.6779999999999999,0.051,,0.8390000000000001,0.161
600357,0.10400000000000001,,,,0.09,0.866,,,0.95,
600362,0.13,,,,0.076,0.534,0.122,,0.802,0.198
600364,0.055999999999999994,,,,,0.37,0.24100000000000002,,0.685,0.315
600365,0.09,0.054000000000000006,,,,0.405,0.126,,0.667,0.33299999999999996
600367,0.009000000000000001,,,,,0.8909999999999999,0.055,,0.95,
600368,0.0,,,,,0.59,,0.084,0.735,0.265
600369,0.114,,,,0.105,0.5710000000000001,,0.067,0.838,0.162
600374,0.175,,,,0.138,0.375,,,0.625,0.375
600379,0.026000000000000002,,,,,0.857,,,0.922,0.078
600382,0.018000000000000002,,,,,0.861,0.09699999999999999,,0.95,
600383,0.032,,,,,0.914,,,0.95,
600384,0.057,,,,0.057,0.705,0.068,,0.875,0.125
600385,0.096,0.051,,,,0.757,0.051,,0.934,0.066
600392,0.011000000000000001,,,,,0.938,,,0.95,
600398,0.138,0.086,,,0.052000000000000005,0.586,0.06,,0.8190000000000001,0.18100000000000002
600406,0.071,,,,,0.845,,,0.95,
600410,0.08199999999999999,0.055,,,,0.445,0.08199999999999999,,0.6920000000000001,0.308
600411,0.04,,,,,0.7170000000000001,0.136,,0.909,0.091
600412,0.105,,,,0.057999999999999996,0.322,0.175,,0.632,0.368
600413,0.0,,,,,0.929,,,0.95,
600414,0.025,,,,,0.557,0.114,0.063,0.759,0.24100000000000002
600416,0.10099999999999999,,,,0.067,0.47200000000000003,0.079,0.055999999999999994,0.708,0.292
600418,0.036000000000000004,,,,,0.6609999999999999,0.08,,0.804,0.196
600420,0.031,,,,,0.868,0.09300000000000001,,0.95,
600422,0.128,0.052000000000000005,,,0.076,0.37200000000000005,0.122,,0.6509999999999999,0.349
600424,0.057,,,,,0.5670000000000001,0.121,,0.79,0.21
600429,0.0,,,,,0.7829999999999999,0.124,,0.946,0.054000000000000006
600432,0.107,,,,0.09300000000000001,0.5670000000000001,0.09300000000000001,,0.807,0.193
600433,0.055,,,,,0.72,0.159,,0.95,
600436,0.165,,,,0.128,0.606,0.10099999999999999,,0.89,0.11
600437,0.035,,,,,0.851,0.085,,0.95,
600438,0.10300000000000001,,,,0.09300000000000001,0.6920000000000001,0.121,,0.925,0.075
600440,0.08800000000000001,,,,0.066,0.467,0.285,,0.8390000000000001,0.161
600442,0.10099999999999999,,,,0.085,0.649,0.085,,0.862,0.138
600444,0.083,,,,0.06,0.536,0.06,,0.738,0.262
600446,0.08,,,,0.055999999999999994,0.5920000000000001,0.128,,0.856,0.14400000000000002
600447,0.022000000000000002,,,,,0.777,0.11199999999999999,,0.9329999999999999,0.067
600449,0.013999999999999999,,,,,0.855,0.087,,0.95,
600451,0.0,,,,,0.8640000000000001,0.126,,0.95,
600453,0.165,0.055,,,0.11,0.33899999999999997,0.157,,0.685,0.315
600454,1.0,,,,,,,,,
600459,0.165,0.126,,,,0.29100000000000004,0.204,,0.728,0.272
600461,0.0,,,,,,,,,0.667
600462,0.075,,,,0.065,0.617,0.15,,0.85,0.15
600463,0.065,,,,0.055999999999999994,0.574,0.12,,0.769,0.231
600464,0.034,,,,,0.703,0.153,,0.924,0.076
600468,0.08199999999999999,,,,0.07400000000000001,0.5489999999999999,0.23,,0.893,0.107
600471,0.142,0.126,,,,0.37,,0.071,0.677,0.32299999999999995
600474,0.113,0.063,,,,0.35200000000000004,0.07,,0.599,0.401
600478,0.067,,,,0.05,0.45799999999999996,0.2,0.057999999999999996,0.792,0.20800000000000002
600485,0.068,,,,0.051,0.483,0.136,,0.7120000000000001,0.28800000000000003
600488,0.0,,,,,0.5820000000000001,0.316,,0.9109999999999999,0.08900000000000001
600489,0.043,,,,,0.207,0.511,,0.772,0.228
600491,0.034,,,,,0.9229999999999999,,,0.95,
600492,0.0,,,,,0.897,0.10300000000000001,,0.95,
600493,0.038,,,,,0.6890000000000001,0.151,,0.877,0.12300000000000001
600494,0.11199999999999999,,,,0.079,0.506,0.067,,0.753,0.247
600500,0.09300000000000001,,,,0.079,0.564,0.171,,0.85,0.15
600501,0.098,0.073,,,,0.47600000000000003,0.085,,0.695,0.305
600503,0.145,0.057999999999999996,,,0.08,0.406,0.217,,0.79,0.21
600507,0.027000000000000003,,,,,0.94,,,0.95,
600512,0.069,,,,0.069,0.441,0.069,,0.618,0.382
600516,0.015,,,,,0.691,,,0.779,0.221
600517,0.121,,,,0.099,0.253,0.275,,0.67,0.33
600519,0.14300000000000002,,,,0.14300000000000002,0.35100000000000003,0.156,,0.662,0.33799999999999997
600521,0.077,,,,,0.535,0.099,,0.7609999999999999,0.239
600522,0.075,,,,0.075,0.8490000000000001,,,0.95,
600527,0.04,,,,,0.5870000000000001,0.147,,0.84,0.16
600530,0.043,,,,,0.872,,,0.95,
600532,0.02,,,,,0.773,0.053,0.06,0.92,0.08
600534,0.083,,,,0.07400000000000001,0.6779999999999999,0.05,,0.843,0.157
600546,0.095,,,,0.071,0.536,0.131,,0.7979999999999999,0.20199999999999999
600549,0.099,,,,0.092,0.473,0.359,,0.9309999999999999,0.069
600550,0.163,0.077,,,0.087,0.365,0.212,,0.75,0.25
600553,0.067,,,,,0.337,0.303,,0.708,0.292
600557,0.013999999999999999,,,,,0.847,,,0.875,0.125
600558,0.065,,,,,0.785,0.121,,0.95,
600562,0.085,,,,0.059000000000000004,0.39899999999999997,0.17600000000000002,,0.7190000000000001,0.281
600565,0.066,,,,,0.45899999999999996,0.19699999999999998,,0.8029999999999999,0.19699999999999998
600566,0.068,,,,0.051,0.5,0.18600000000000003,,0.78,0.22
600571,0.016,,,,,0.885,,,0.95,
600574,0.039,,,,,0.529,0.098,,0.725,0.275
600577,0.087,,,,0.07200000000000001,0.24600000000000002,0.304,,0.6809999999999999,0.319
600586,0.163,,,,0.14300000000000002,0.49,0.061,,0.721,0.27899999999999997
600587,0.033,,,,,0.5329999999999999,0.187,,0.767,0.233
600588,0.098,,,,0.085,0.6709999999999999,0.159,,0.95,
600589,0.198,0.14300000000000002,,,0.055999999999999994,0.28600000000000003,0.14300000000000002,,0.659,0.341
600590,0.044000000000000004,,,,,0.726,0.081,,0.8809999999999999,0.11900000000000001
60A000,0.053,,,,,0.474,0.42100000000000004,,0.9470000000000001,
60B000,0.321,,,0.284,,0.552,,,0.91,0.09
60C000,0.077,,,,,0.308,0.26899999999999996,,0.654,0.34600000000000003
60F000,0.0,,,,,0.95,,,0.95,
60G000,0.012,,,,,0.726,0.214,,0.95,
60I000,0.021,,,,,0.833,,,0.95,
60J000,0.0,,,,,0.7659999999999999,0.182,,0.95,
60M000,0.06,,,,0.06,0.7859999999999999,,0.06,0.94,0.06
60N000,0.0,,,,,0.389,0.33299999999999996,,0.722,0.278
60P000,0.0,,,,,0.3,,,0.4,0.6
60Q000,0.292,,,0.27699999999999997,,0.508,,,0.815,0.185
60S000,0.068,,,,,0.818,,,0.95,
60Y000,0.044000000000000004,,,,,0.644,,,0.778,0.222
610310,0.321,,,0.14300000000000002,0.179,0.56,,,0.95,
610320,0.14300000000000002,,,,,0.551,0.14300000000000002,,0.898,0.102
61J000,0.067,,,,,0.733,0.15,,0.95,
620312,0.106,,,,0.106,0.5529999999999999,,,0.83,0.17
620318,0.256,,,0.10300000000000001,0.141,0.436,,,0.821,0.179
620324,0.193,,,,0.14,0.35100000000000003,0.12300000000000001,,0.8420000000000001,0.158
620330,0.192,,,0.115,0.064,0.6409999999999999,,,0.9229999999999999,0.077
620334,0.2,,,0.111,,0.444,0.111,,0.8220000000000001,0.17800000000000002
630308,0.111,,,,0.083,0.435,0.315,,0.898,0.102
630312,0.27699999999999997,,,0.128,0.149,0.638,,,0.95,
630316,0.095,,,,0.095,0.608,0.243,,0.946,
630324,0.026000000000000002,,,,,0.754,0.20199999999999999,,0.95,
630328,0.16699999999999998,,,,,0.639,,,0.9440000000000001,
630342,0.13,,,,0.13,0.754,0.10099999999999999,,0.95,
630348,0.381,,,0.20199999999999999,0.16699999999999998,0.33299999999999996,0.131,,0.917,0.083
630356,0.03,,,,,0.63,0.17,,0.867,0.133
630364,0.128,,,,0.096,0.617,0.085,,0.883,0.11699999999999999
630368,0.156,,,,0.13,0.7659999999999999,,,0.948,
630373,0.017,,,,,0.846,0.051,,0.932,0.068
630376,0.078,,,,,0.569,0.314,,0.95,
63A000,0.065,,,,,0.677,,,0.8390000000000001,0.161
63B000,0.196,,,0.13,,0.63,,,0.848,0.152
640304,0.23,,,0.08,0.133,0.478,0.15,,0.9470000000000001,0.053
640306,0.10099999999999999,,,0.07200000000000001,,0.507,0.11599999999999999,,0.87,0.13
640308,0.136,,,,0.107,0.447,0.19399999999999998,,0.8540000000000001,0.146
640316,0.243,,,0.21600000000000003,,0.514,,,0.865,0.135
640324,0.198,,0.05,0.059000000000000004,0.08900000000000001,0.525,0.08900000000000001,,0.861,0.139
640326,0.188,,,0.099,0.069,0.287,0.069,,0.703,0.297
640328,0.1,,,,0.055999999999999994,0.5,0.131,,0.8809999999999999,0.11900000000000001
640332,0.159,,,,0.085,0.256,0.305,,0.866,0.134
640336,0.092,,,,,0.585,0.077,,0.9229999999999999,0.077
640348,0.122,,,,0.114,0.504,0.13,,0.87,0.13
640376,0.29100000000000004,,,0.175,0.11699999999999999,0.47600000000000003,0.155,,0.95,
640384,0.149,,,0.068,0.081,0.608,0.149,,0.95,
640396,0.11900000000000001,,,,0.09,0.358,,,0.701,0.299
64A000,0.0,,,,,0.39399999999999996,,0.106,0.5,0.5
650304,0.247,,,0.14300000000000002,0.078,0.649,,,0.948,
650308,0.085,,,0.085,,0.718,0.07,,0.873,0.127
650309,0.14300000000000002,,,0.107,,0.738,,,0.905,0.095
650312,0.113,,,,0.09699999999999999,0.145,0.129,,0.565,0.435
650316,0.154,,,,0.077,0.526,0.09,,0.885,0.115
650323,0.155,,,0.091,0.055,0.682,0.064,,0.9359999999999999,0.064
650324,0.0,,,,,0.5579999999999999,,,0.654,0.34600000000000003
650328,0.075,,,,,0.642,0.075,,0.851,0.149
650332,0.14800000000000002,,,,0.14800000000000002,0.344,,,0.77,0.23
650338,0.0,,,,,0.7609999999999999,,,0.821,0.179
650339,0.059000000000000004,,,,,0.8,,,0.894,0.106
650341,0.083,,,,0.071,0.738,,,0.917,0.083
650345,0.0,,,,,,,,0.7140000000000001,
650346,0.028999999999999998,,,,,0.614,,0.086,0.743,0.257
650348,0.11900000000000001,,,0.071,,0.6829999999999999,,,0.929,0.071
650353,0.084,,,,0.063,0.821,,,0.95,
650356,0.132,,,0.07400000000000001,0.057999999999999996,0.851,,,0.95,
650362,0.163,,,,0.153,0.643,0.071,,0.9179999999999999,0.08199999999999999
650366,0.062,,,,,0.8759999999999999,0.062,,0.95,
650368,0.16399999999999998,,0.12300000000000001,,,0.452,,,0.6709999999999999,0.32899999999999996
650380,0.037000000000000005,,,,,0.85,0.055999999999999994,,0.95,
650384,0.2,,,0.2,,0.289,0.122,,0.733,0.267
650400,0.153,,,,,0.49200000000000005,,,0.8140000000000001,0.18600000000000003
650404,0.099,,,,0.055,0.385,0.22,,0.846,0.154
650408,0.0,,,,,0.948,,,0.948,
65A000,0.0,,,,,0.7909999999999999,0.14,,0.93,
65B000,0.0,,,,,0.75,,,0.95,
65C000,0.0,,,,,,,,,
65D000,0.23800000000000002,,,,,0.762,,,0.95,
660306,0.145,,,,0.145,0.2,,,0.455,0.545
660320,0.049,,,,,0.40700000000000003,,,0.519,0.48100000000000004
660360,0.0,,,,,0.623,0.094,,0.774,0.226
670304,0.079,,,,0.079,0.614,0.267,,0.95,
670308,0.28300000000000003,,,0.15,0.1,0.617,,,0.9329999999999999,
670310,0.099,,,,0.057,0.7090000000000001,0.057,0.078,0.943,0.057
670312,0.159,,,,0.14300000000000002,0.54,0.222,,0.937,
670314,0.07200000000000001,,,,0.052000000000000005,0.7390000000000001,0.085,,0.902,0.098
670321,0.247,,,0.12300000000000001,0.111,0.617,,,0.9259999999999999,0.07400000000000001
670323,0.252,,,0.175,0.078,0.602,,,0.922,0.078
670329,0.146,,,0.055999999999999994,0.09,0.556,0.111,,0.847,0.153
670330,0.109,,,,0.109,0.446,0.293,,0.8909999999999999,0.109
670332,0.409,,,0.303,0.106,0.561,,,0.95,
670335,0.128,,,,0.08800000000000001,0.6559999999999999,0.184,,0.95,
670338,0.083,,,,0.083,0.6609999999999999,0.174,,0.927,0.073
670339,0.139,,,0.065,0.065,0.6409999999999999,0.147,,0.927,0.073
670341,0.2,,,,0.2,0.508,0.231,,0.95,
670342,0.24600000000000002,,,0.231,,0.49200000000000005,0.092,,0.862,0.138
670343,0.142,,,0.095,,0.608,0.142,,0.912,0.08800000000000001
670346,0.168,,,0.084,0.053,0.537,,0.084,0.8109999999999999,0.18899999999999997
670347,0.138,,,0.08900000000000001,,0.602,,,0.821,0.179
670350,0.22,,,0.16,0.05,0.66,,,0.94,0.06
67B000,0.188,,,,,0.5,,,0.75,
680308,0.069,,,,0.06,0.638,0.10300000000000001,,0.879,0.121
680312,0.133,,,,0.133,0.5,,,0.8,0.2
680324,0.046,,,,,0.517,0.149,,0.747,0.253
680328,0.055,,,,0.055,0.67,,0.055,0.857,0.14300000000000002
680329,0.066,,0.066,,,0.7759999999999999,,,0.9079999999999999,0.092
680330,0.053,,,,,0.561,,,0.684,0.316
680336,0.08900000000000001,,,,0.08900000000000001,0.607,0.125,,0.9109999999999999,0.08900000000000001
681300,0.083,,,,0.073,0.74,0.083,,0.927,0.073
681304,0.092,,,,0.051,0.7040000000000001,,,0.8270000000000001,0.17300000000000001
681310,0.085,,,,,0.78,,,0.927,0.073
681311,0.024,,,,,0.812,,,0.882,0.11800000000000001
681312,0.081,,,,,0.743,0.068,,0.919,0.081
681316,0.061,,,,,0.695,0.122,,0.89,0.11
681320,0.20600000000000002,0.19,,,,0.746,,,0.95,
681326,0.057999999999999996,,,,,0.86,,,0.9420000000000001,0.057999999999999996
681330,0.10099999999999999,0.076,,,,0.759,0.076,,0.9490000000000001,
681332,0.038,,,,,0.79,0.124,,0.95,
681334,0.17,0.102,,,0.068,0.67,0.102,,0.95,
68A000,0.0,,,,,0.75,,,0.85,
68C000,0.0,,,,,0.95,,,0.95,
690312,0.115,,,,0.10300000000000001,0.564,0.141,,0.885,0.115
69A000,0.079,,,,,0.711,,,0.868,0.132
700306,0.086,,,,,0.5,0.214,,0.929,0.071
700314,0.012,,,,,0.44,0.083,0.095,0.75,0.25
700316,0.013999999999999999,,,,,0.507,0.16399999999999998,,0.795,0.205
700318,0.0,,,,,0.469,0.297,,0.8909999999999999,0.109
700320,0.042,,,,,0.43799999999999994,0.125,,0.833,0.16699999999999998
700324,0.109,,,0.109,,0.313,0.25,,0.813,0.188
700328,0.023,,,,,0.591,,,0.818,0.182
710312,0.171,,,,0.171,0.395,0.25,,0.9079999999999999,0.092
710318,0.049,,,,,0.695,0.146,,0.902,0.098
710323,0.04,,,,,0.653,0.198,,0.9109999999999999,0.08900000000000001
710324,0.141,,,,0.127,0.493,,,0.845,0.155
710328,0.068,,,,,0.695,,,0.8140000000000001,0.18600000000000003
710332,0.102,,,,0.102,0.33,0.545,,0.95,
710344,0.022000000000000002,,,,,0.8590000000000001,0.076,,0.95,
710347,0.059000000000000004,,,,0.059000000000000004,0.725,0.196,,0.95,
720312,0.0,,,,,0.556,0.218,,0.879,0.121
730332,0.054000000000000006,,,,,0.7959999999999999,,0.054000000000000006,0.903,0.09699999999999999
730334,0.106,,,,0.106,0.255,0.34,,0.7020000000000001,0.298
730340,0.0,,,,,0.621,,,0.69,0.31
730348,0.039,,,,,0.588,0.255,,0.902,0.098
730354,0.067,,,,,0.7,,,0.833,0.16699999999999998
730356,0.114,,,,,0.318,,0.136,0.591,0.409
730368,0.026000000000000002,,,,,0.684,0.184,,0.895,
73A000,0.05,,,,,0.7829999999999999,,0.083,0.95,
740304,0.026000000000000002,,,,,0.534,0.11199999999999999,,0.7759999999999999,0.22399999999999998
740310,0.052000000000000005,,,,,0.385,0.24,,0.74,0.26
740320,0.05,,,,,0.3,0.2,,0.575,0.425
740330,0.017,,,,,0.449,0.39,,0.8809999999999999,0.11900000000000001
740332,0.125,,,0.08,,0.682,0.091,,0.932,0.068
740334,0.013999999999999999,,,,,0.19399999999999998,,,0.306,0.6940000000000001
740336,0.168,,,0.10099999999999999,0.05,0.613,0.076,,0.882,0.11800000000000001
740338,0.145,,,,0.087,0.638,,,0.9279999999999999,0.07200000000000001
740352,0.0,,,,,0.43799999999999994,0.22899999999999998,,0.667,0.33299999999999996
740358,0.159,,,0.136,,0.568,,,0.818,0.182
740368,0.158,,,0.06,,0.42100000000000004,0.293,,0.91,0.09
740375,0.161,,,0.125,,0.5,,,0.732,0.268
740376,0.182,,,0.106,0.076,0.28800000000000003,0.106,,0.8029999999999999,0.19699999999999998
740378,0.0,,,,,,,,,
740379,0.165,,,0.07,0.087,0.609,0.113,,0.922,0.078
740380,0.368,,,0.295,0.07400000000000001,0.442,0.095,,0.9159999999999999,0.084
740386,0.138,,,0.069,0.069,0.545,0.083,,0.821,0.179
740390,0.5870000000000001,,,0.573,,0.32,,,0.95,
740396,0.09699999999999999,,,,,0.5479999999999999,,,0.742,0.258
740400,0.055,,,,,0.452,0.35600000000000004,,0.89,0.11
740404,0.11699999999999999,,,,,0.695,0.177,,0.95,
750304,0.045,,,,,0.687,,,0.851,0.149
750314,0.059000000000000004,,,,,0.882,,,0.95,
750320,0.0,,,,,0.95,,,0.95,
750328,0.083,,,,,0.625,,,0.95,
760304,0.07,,,,,0.596,0.263,,0.95,
760316,0.068,,,,,0.525,0.085,,0.7290000000000001,0.271
760320,0.049,,,,,0.623,0.23,,0.934,
760324,0.054000000000000006,,,,,0.784,,,0.919,0.081
760328,0.063,,,,0.063,0.55,0.2,,0.838,0.163
760329,0.044000000000000004,,,,,0.67,0.099,,0.89,0.11
760330,0.111,,,,0.086,0.531,0.12300000000000001,,0.852,0.14800000000000002
760331,0.083,,,,0.083,0.5710000000000001,0.179,,0.857,0.14300000000000002
760332,0.10099999999999999,,,,0.10099999999999999,0.43799999999999994,0.382,,0.9209999999999999,0.079
760336,0.092,,,,0.066,0.5529999999999999,0.171,,0.882,0.11800000000000001
760340,0.122,,,,0.122,0.47600000000000003,0.061,0.061,0.8170000000000001,0.183
760344,0.134,,,0.06,0.07400000000000001,0.44299999999999995,0.134,,0.779,0.221
760356,0.09,,,,0.09,0.449,0.282,,0.8590000000000001,0.141
760359,0.092,,,,0.071,0.418,0.245,,0.847,0.153
760364,0.105,,,,0.105,0.5660000000000001,0.303,,0.95,
760368,0.02,,,,,0.66,0.22,,0.94,
760376,0.094,,,,0.094,0.424,0.094,0.106,0.8,0.2
761312,0.12,,,,0.076,0.348,0.196,,0.728,0.272
761320,0.11699999999999999,,,,0.11699999999999999,0.317,0.433,,0.883,0.11699999999999999
761321,0.069,,,,,0.517,0.138,,0.845,0.155
761328,0.0,,,,,0.605,0.19699999999999998,,0.8290000000000001,0.171
761332,0.0,,,,,0.506,0.304,,0.823,0.177
770310,0.11599999999999999,,,,0.095,0.4,0.242,,0.8320000000000001,0.168
770318,0.129,,,,0.129,0.541,,,0.812,0.188
770340,0.23399999999999999,,,0.138,0.07400000000000001,0.574,,,0.894,0.106
770344,0.21100000000000002,,,,0.171,0.395,,,0.763,0.237
770346,0.12,,,,0.10800000000000001,0.325,0.18100000000000002,,0.6990000000000001,0.301
770368,0.27899999999999997,,,,0.24600000000000002,0.377,,0.08199999999999999,0.8690000000000001,0.131
770370,0.063,,,,0.063,0.45799999999999996,0.21899999999999997,,0.792,0.20800000000000002
780320,0.057999999999999996,,,,,0.308,,,0.8270000000000001,0.17300000000000001
780322,0.08199999999999999,,,,0.054000000000000006,0.667,0.068,,0.8909999999999999,0.109
780328,0.3,,,0.14,0.16,0.42,,,0.9,0.1
780329,0.195,,,,0.122,0.22,0.341,,0.8540000000000001,0.146
780340,0.158,,,,0.158,0.43200000000000005,0.105,0.053,0.863,0.13699999999999998
780344,0.20199999999999999,,,0.20199999999999999,,0.28600000000000003,0.131,,0.655,0.345
780356,0.051,,,,,0.308,0.231,,0.6409999999999999,0.359
780360,0.317,,,0.222,0.079,0.444,,,0.825,0.175
780364,0.08199999999999999,,,,0.064,0.355,0.16399999999999998,,0.8,0.2
780374,0.0,,,,,0.273,0.064,0.073,0.7,0.3
780376,0.11,,,0.08800000000000001,,0.484,0.066,,0.7909999999999999,0.209
780384,0.027000000000000003,,,,,0.5589999999999999,0.126,,0.946,0.054000000000000006
780390,0.066,,,,,0.19699999999999998,0.45899999999999996,,0.82,0.18
780392,0.038,,,,,0.203,,,0.557,0.44299999999999995
780394,0.191,,,0.182,,0.309,0.08199999999999999,,0.8640000000000001,0.136
780398,0.141,,,,0.141,0.424,0.098,0.098,0.902,0.098
780400,0.107,,,,0.08199999999999999,0.258,0.17600000000000002,0.063,0.642,0.358
780407,0.154,,0.08800000000000001,,,0.5489999999999999,0.066,,0.89,0.11
780408,0.217,,,,0.13,0.239,0.174,,0.935,
780412,0.306,,,0.259,,0.565,0.059000000000000004,,0.95,
780416,0.08,,,,,0.33299999999999996,0.12,,0.853,0.147
780417,0.107,,,,,0.321,0.196,,0.732,0.268
780418,0.13,,,,,0.652,,,0.87,
78B000,0.087,,,,,0.652,0.217,,0.95,
790302,0.10300000000000001,,,,0.07400000000000001,0.735,0.132,,0.95,
790310,0.035,,,,,0.57,0.29100000000000004,,0.93,0.07
790318,0.111,,,,0.095,0.603,,,0.794,0.20600000000000002
790322,0.11599999999999999,,,,0.11599999999999999,0.465,,,0.698,0.302
790327,0.231,,,0.185,,0.569,0.077,,0.9229999999999999,0.077
790334,0.043,,,,,0.5429999999999999,0.13,,0.804,0.196
790344,0.078,,,,0.078,0.589,0.256,,0.9440000000000001,0.055999999999999994
790347,0.217,,,,0.217,0.435,0.304,,0.95,
790350,0.092,,,,0.066,0.513,0.171,,0.816,0.184
790358,0.0,,,,,0.5,0.182,,0.924,0.076
790362,0.0,,,,,0.8420000000000001,0.158,,0.95,
790386,0.0,,,,,0.757,0.135,,0.95,
790390,0.11800000000000001,,,,0.11800000000000001,0.461,0.079,,0.737,0.263
790392,0.0,,,,,,,,,
790398,0.077,,,,0.077,0.626,0.231,,0.95,
790402,0.0,,,,,0.494,0.217,,0.7829999999999999,0.217
800312,0.035,,,,,0.596,,,0.789,0.21100000000000002
800315,0.052000000000000005,,,,,0.345,0.22399999999999998,,0.7070000000000001,0.293
800316,0.08,,,,0.08,0.534,0.17,,0.818,0.182
800324,0.0,,,,,0.519,0.192,,0.8270000000000001,0.17300000000000001
800346,0.07,,,,,0.442,,0.09300000000000001,0.7440000000000001,0.256
800347,0.053,,,,,0.605,,0.066,0.8420000000000001,0.158
800348,0.03,,,,,0.642,,0.075,0.836,0.16399999999999998
800352,0.078,,,,0.065,0.753,0.10400000000000001,,0.95,
800356,0.095,,,0.083,,0.56,0.23800000000000002,,0.905,0.095
800358,0.015,,,,,0.33299999999999996,0.303,,0.7120000000000001,0.28800000000000003
800359,0.154,,,,0.10300000000000001,0.205,,0.09,0.615,0.385
800360,0.022000000000000002,,,,,0.418,0.17600000000000002,,0.747,0.253
800362,0.08900000000000001,,,,,0.371,0.19399999999999998,,0.7020000000000001,0.298
800364,0.065,,,,0.065,0.495,0.054000000000000006,0.161,0.8170000000000001,0.183
800366,0.01,,,,,0.604,,,0.6629999999999999,0.337
800368,0.069,,,,,0.638,,,0.845,0.155
800372,0.035,,,,,0.509,0.158,0.08800000000000001,0.8420000000000001,0.158
800373,0.048,,,,,0.301,0.145,,0.602,0.39799999999999996
800392,0.084,,,0.06,,0.687,,,0.831,0.16899999999999998
800412,0.151,,0.094,,,0.547,0.113,,0.925,
810328,0.25,,,0.115,0.135,0.654,,,0.95,
810336,0.147,,,,0.11800000000000001,0.647,0.147,,0.95,
810344,0.16699999999999998,,,0.122,,0.644,0.1,0.067,0.95,
810350,0.196,,,0.157,,0.647,,,0.95,
810360,0.203,,,0.127,0.076,0.6709999999999999,,,0.95,
810364,0.071,,,,,0.595,0.31,,0.95,
810370,0.146,,,,,0.805,,,0.95,
810388,0.18899999999999997,,,0.151,,0.5660000000000001,,,0.95,
810396,0.125,,,,0.083,0.611,0.083,0.069,0.95,
810400,0.267,,,,,0.667,,,0.95,
81A000,0.0,,,,,0.9009999999999999,,,0.9109999999999999,0.08900000000000001
81B000,0.065,,,,,0.677,,,0.8059999999999999,0.19399999999999998
820312,0.111,,,,0.079,0.524,,,0.81,0.19
820320,0.20199999999999999,,,0.06,0.131,0.7020000000000001,,,0.95,
820340,0.066,,,,,0.623,0.098,,0.836,0.16399999999999998
820346,0.184,,,0.066,0.092,0.737,,,0.9470000000000001,
820350,0.165,,,0.114,,0.595,0.10099999999999999,,0.924,0.076
820364,0.139,,,0.09699999999999999,,0.639,,,0.833,0.16699999999999998
820376,0.053,,,,,0.5,0.105,,0.789,0.21100000000000002
820384,0.10099999999999999,,,,0.051,0.601,0.08199999999999999,,0.892,0.10800000000000001
821304,0.017,,,,,0.586,,0.19399999999999998,0.875,0.125
830312,0.174,,,,0.13,0.609,,,0.9129999999999999,
830320,0.4,,,0.375,,0.275,,,0.725,0.275
830328,0.07400000000000001,,,,0.07400000000000001,0.684,0.18899999999999997,,0.9470000000000001,0.053
830336,0.047,,,,,0.5579999999999999,,,0.721,0.27899999999999997
830344,0.20600000000000002,,,,,0.5589999999999999,,,0.95,
830356,0.19399999999999998,,,0.075,0.11900000000000001,0.5670000000000001,0.134,,0.91,0.09
830360,0.0,,,,,0.342,,,0.7090000000000001,0.29100000000000004
830364,0.086,,,,,0.586,0.114,,0.914,0.086
840304,0.02,,,,,0.64,0.14,,0.9,0.1
840308,0.085,,,0.085,,0.662,,,0.845,0.155
840310,0.08800000000000001,,,0.08,,0.425,,0.053,0.7170000000000001,0.28300000000000003
840312,0.017,,,,,0.733,,0.083,0.85,0.15
840316,0.115,,,,,0.26899999999999996,0.28800000000000003,,0.7120000000000001,0.28800000000000003
840320,0.013000000000000001,,,,,0.597,0.325,,0.95,
840324,0.231,,,0.205,,0.718,,,0.95,
840336,0.163,,,,0.122,0.612,0.14300000000000002,,0.95,
840340,0.07200000000000001,,,,,0.609,0.11599999999999999,,0.9129999999999999,0.087
840344,0.209,,,0.14,,0.535,0.209,,0.95,
840360,0.096,,,,,0.6920000000000001,0.135,,0.9420000000000001,
850308,0.0,,,,,0.41700000000000004,,,0.75,
850312,0.069,,,,,0.483,0.207,,0.862,
850314,0.0,,,,,0.545,0.182,,0.795,0.205
850316,0.222,,,,0.222,0.625,,,0.917,0.083
850320,0.083,,,,,0.6940000000000001,,,0.889,
850328,0.182,,,,,0.591,,,0.909,
850336,0.161,,,,0.161,0.452,0.161,,0.8390000000000001,0.161
850340,0.161,,,,,0.581,,,0.935,
850342,0.036000000000000004,,,,,0.8909999999999999,,,0.95,
850348,0.172,,,,,0.483,,,0.862,
850354,0.361,,,0.222,0.139,0.583,,,0.95,
850356,0.122,,,,,0.512,,,0.878,0.122
860302,0.047,,,,,0.75,0.188,,0.95,
860308,0.054000000000000006,,,,,0.643,0.214,,0.946,
860312,0.033,,,,,0.583,0.3,,0.95,
860320,0.0,,,,,0.667,0.33299999999999996,,0.95,
860324,0.012,,,,,0.614,0.24100000000000002,,0.95,
860332,0.125,,,,,0.583,0.20800000000000002,,0.95,
860339,0.013999999999999999,,,,,0.797,,,0.905,0.095
860344,0.0,,,,,0.653,0.28600000000000003,,0.95,
860348,0.0,,,,,0.873,,,0.95,
860356,0.11800000000000001,,,,,0.588,0.294,,0.95,
860360,0.040999999999999995,,,,,0.7759999999999999,,,0.95,
861304,0.053,,,,0.053,0.713,,0.053,0.9259999999999999,0.07400000000000001
862310,0.085,,,0.051,,0.644,0.11,0.051,0.95,
86T000,0.0,,,,,0.7140000000000001,,,0.746,0.254
870320,0.28600000000000003,,,0.18600000000000003,0.1,0.557,,,0.871,0.129
870324,0.026000000000000002,,,,,0.618,0.21100000000000002,,0.868,0.132
87A000,0.048,,,,,0.7140000000000001,,,0.95,
880304,0.14800000000000002,,,0.055999999999999994,0.09300000000000001,0.741,0.07400000000000001,,0.95,
880318,0.163,,,0.077,0.087,0.7020000000000001,,,0.95,
880324,0.12300000000000001,,,,,0.7020000000000001,,,0.9470000000000001,
880336,0.071,,,,,0.7140000000000001,,,0.95,
88A000,0.0,,,,,0.885,,,0.95,
890308,0.14300000000000002,,,,,0.551,,,0.7959999999999999,0.204
900302,0.045,,,,,0.887,,,0.95,
900303,0.009000000000000001,,,,,0.95,,,0.95,
900304,0.094,,,,0.073,0.292,0.385,0.052000000000000005,0.8440000000000001,0.156
900305,0.07400000000000001,,,,,0.9079999999999999,,,0.95,
900306,0.205,,,,0.151,0.32899999999999996,,0.096,0.726,0.27399999999999997
900307,0.096,,,,0.096,0.637,0.11900000000000001,0.052000000000000005,0.919,0.081
900312,0.012,,,,,0.7879999999999999,,0.059000000000000004,0.894,0.106
900318,0.08,,,,0.08,0.693,,0.057,0.898,0.102
900320,0.009000000000000001,,,,,0.757,0.209,,0.95,
900328,0.01,,,,,0.8540000000000001,0.063,,0.95,
900332,0.059000000000000004,,,,,0.662,,,0.838,0.162
900334,0.09,,,0.066,,0.8440000000000001,,,0.95,
900340,0.042,,,,,0.7709999999999999,0.125,,0.938,
900341,0.138,,,,0.10300000000000001,0.586,0.218,,0.943,0.057
900347,0.146,,,0.08900000000000001,,0.764,,,0.935,0.065
900351,0.011000000000000001,,,,,0.591,0.364,,0.95,
900352,0.10800000000000001,,,0.10800000000000001,,0.59,,,0.747,0.253
900353,0.08800000000000001,,,,,0.877,,,0.95,
900354,0.138,,,,0.138,0.596,,,0.84,0.16
900356,0.087,,,0.077,,0.74,0.057999999999999996,,0.904,0.096
900358,0.08199999999999999,,,,0.08199999999999999,0.7759999999999999,,,0.9490000000000001,0.051
900363,0.077,,,0.055999999999999994,,0.818,,,0.937,0.063
900364,0.16699999999999998,,,,0.16699999999999998,0.633,,0.083,0.917,0.083
900368,0.107,,,0.07400000000000001,,0.81,,,0.9259999999999999,0.07400000000000001
900370,0.0,,,,,0.29100000000000004,0.204,,0.5529999999999999,0.447
900372,0.10300000000000001,,,,0.069,0.7240000000000001,0.147,,0.95,
900376,0.03,,,,,0.9329999999999999,,,0.95,
900380,0.10800000000000001,,,0.075,,0.785,,,0.935,0.065
900384,0.158,,,0.05,0.109,0.6829999999999999,0.05,,0.9209999999999999,0.079
900388,0.136,,,,0.126,0.466,,0.068,0.777,0.223
90A000,0.02,,,,,0.828,,,0.95,
910304,0.057999999999999996,,,,,0.638,0.174,,0.9420000000000001,
910308,0.128,,,,0.128,0.33299999999999996,,0.154,0.769,0.231
910311,0.102,,,,0.102,0.489,0.057,,0.795,0.205
910314,0.067,,,,0.067,0.4,0.111,0.078,0.7440000000000001,0.256
910340,0.0,,,,,0.615,0.308,,0.95,
910346,0.0,,,,,0.41200000000000003,,0.098,0.706,0.294
910356,0.102,,,,0.102,0.429,0.184,,0.8370000000000001,0.163
910360,0.133,,,,0.107,0.33299999999999996,0.107,0.08,0.787,0.213
910376,0.024,,,,,0.39,,,0.512,0.488
910380,0.061,,,,,0.5710000000000001,0.122,,0.9179999999999999,
91A000,0.317,,,0.217,0.1,0.583,,,0.95,
920302,0.12300000000000001,,,,0.10300000000000001,0.542,,0.057999999999999996,0.768,0.23199999999999998
920304,0.153,,0.131,,,0.715,,,0.927,0.073
920306,0.064,,,,,0.674,0.14,,0.9009999999999999,0.099
920307,0.057999999999999996,,,,,0.8490000000000001,,,0.95,
920308,0.111,,,,0.077,0.675,0.13699999999999998,,0.94,0.06
920320,0.094,,,,0.094,0.529,,0.059000000000000004,0.741,0.259
920325,0.084,,,,,0.785,0.084,,0.95,
920326,0.109,,,,0.078,0.563,0.172,,0.875,0.125
920327,0.08900000000000001,,,,,0.747,0.063,,0.9109999999999999,0.08900000000000001
920328,0.094,,,,0.08800000000000001,0.769,,,0.8809999999999999,0.11900000000000001
920329,0.195,,,0.087,0.094,0.41600000000000004,0.121,,0.745,0.255
920334,0.032,,,,,0.88,,,0.9279999999999999,0.07200000000000001
920336,0.134,,,,0.11900000000000001,0.433,,,0.657,0.34299999999999997
920340,0.086,,,,0.076,0.705,0.057,,0.914,0.086
920342,0.084,,,,0.054000000000000006,0.725,,,0.868,0.132
920344,0.121,,,,0.08800000000000001,0.6920000000000001,,,0.879,0.121
920352,0.149,,,,0.106,0.489,0.106,,0.777,0.223
920358,0.079,,,,,0.7979999999999999,0.053,,0.9390000000000001,0.061
920362,0.075,,,,0.075,0.552,0.19399999999999998,,0.8809999999999999,0.11900000000000001
920364,0.078,,,,0.078,0.733,0.1,,0.9440000000000001,0.055999999999999994
920369,0.07,,,,,0.828,,,0.9490000000000001,0.051
920376,0.032,,,,,0.777,,,0.873,0.127
920380,0.057999999999999996,,,,0.057999999999999996,0.621,,,0.757,0.243
920384,0.185,,,0.09300000000000001,0.09300000000000001,0.444,0.19399999999999998,,0.852,0.14800000000000002
920390,0.045,,,,,0.934,,,0.95,
920393,0.11900000000000001,,,,0.102,0.542,0.085,,0.8220000000000001,0.17800000000000002
920396,0.091,,,,0.073,0.7,0.064,,0.909,0.091
920398,0.109,,,,0.08,0.7490000000000001,,,0.9309999999999999,0.069
920403,0.18899999999999997,,,0.126,,0.41100000000000003,0.084,,0.726,0.27399999999999997
920413,0.09,,,,0.09,0.495,0.37799999999999995,,0.95,
920414,0.08,,,,0.073,0.723,,,0.905,0.095
920415,0.055999999999999994,,,,,0.44799999999999995,0.11199999999999999,,0.672,0.32799999999999996
920416,0.126,,,,0.11599999999999999,0.695,,,0.884,0.11599999999999999
920417,0.062,,,,,0.735,0.142,,0.9470000000000001,0.053
920420,0.022000000000000002,,,,,0.701,0.153,,0.8909999999999999,0.109
920439,0.045,,,,,0.846,,,0.9490000000000001,0.051
920440,0.146,,,,0.10099999999999999,0.47200000000000003,0.16899999999999998,0.055999999999999994,0.843,0.157
920442,0.073,,,,0.063,0.698,0.115,,0.9059999999999999,0.094
920443,0.028999999999999998,,,,,0.888,,,0.95,
920446,0.165,,,,0.096,0.35700000000000004,0.2,,0.757,0.243
920447,0.040999999999999995,,,,,0.8340000000000001,,,0.95,
920448,0.215,,,0.124,0.083,0.62,0.057999999999999996,,0.909,0.091
920449,0.052000000000000005,,,,,0.731,0.134,,0.95,
920451,0.057,,,,,0.778,,,0.905,0.095
920452,0.095,,,,0.095,0.757,0.081,,0.946,
920453,0.035,,,,,0.86,,,0.9440000000000001,0.055999999999999994
920454,0.08199999999999999,,,,0.062,0.8220000000000001,,,0.945,0.055
920456,0.066,,,,0.066,0.746,,,0.885,0.115
920457,0.036000000000000004,,,,,0.8859999999999999,,,0.95,
920460,0.086,,,,,0.552,,0.086,0.845,0.155
920464,0.165,,,,0.124,0.512,0.057999999999999996,,0.826,0.174
920467,0.106,,,,0.1,0.813,0.069,,0.95,
920468,0.10300000000000001,,,,0.08800000000000001,0.691,0.11,,0.919,0.081
920469,0.048,,,,,0.728,,,0.8640000000000001,0.136
920470,0.125,,,,0.102,0.591,0.159,,0.898,0.102
920474,0.14800000000000002,,,,0.10400000000000001,0.504,0.13,,0.8,0.2
920476,0.22399999999999998,,,,0.21100000000000002,0.355,0.145,,0.7759999999999999,0.22399999999999998
920480,0.115,,,,0.106,0.5870000000000001,,,0.8270000000000001,0.17300000000000001
920488,0.149,,,,0.115,0.575,0.126,,0.851,0.149
920494,0.068,,,,,0.765,0.076,,0.932,0.068
920496,0.048,,,,,0.5,0.08199999999999999,,0.726,0.27399999999999997
920501,0.043,,,,,0.872,0.059000000000000004,,0.95,
920504,0.042,,,,,0.909,,,0.95,
920508,0.857,,,,0.7140000000000001,,,,0.95,
920514,0.11599999999999999,,,,0.094,0.7170000000000001,0.051,,0.92,0.08
920516,0.1,,,,0.075,0.608,0.142,,0.867,0.133
920520,0.08,,,,,0.75,,,0.875,0.125
920522,0.07200000000000001,,,,0.057999999999999996,0.777,0.065,,0.935,0.065
920523,0.03,,,,,0.87,0.083,,0.95,
920524,0.146,,,,0.10400000000000001,0.7290000000000001,,,0.938,
920525,0.077,,,,,0.596,0.115,,0.8079999999999999,0.192
920530,0.05,,,,0.05,0.748,0.10099999999999999,,0.9079999999999999,0.092
920531,0.04,,,,,0.879,,,0.95,
920532,0.016,,,,,0.435,0.129,0.09699999999999999,0.71,0.29
920536,0.114,,,,0.114,0.629,0.129,,0.871,0.129
920540,0.11699999999999999,,,,0.07400000000000001,0.7659999999999999,0.07400000000000001,,0.95,
920542,0.14,0.05,,,0.091,0.62,0.149,,0.917,0.083
920543,0.18600000000000003,,,,,0.628,,,0.884,0.11599999999999999
920544,0.094,,,,0.087,0.677,0.094,,0.9059999999999999,0.094
920548,0.036000000000000004,,,,,0.831,0.084,,0.95,
920550,0.077,,,,,0.7040000000000001,0.092,,0.894,0.106
920554,0.08,,,,,0.628,0.066,,0.81,0.19
920560,0.083,,,,0.064,0.505,0.11900000000000001,,0.78,0.22
920564,0.147,,,,0.11599999999999999,0.46299999999999997,0.095,,0.747,0.253
920568,0.1,,0.078,,,0.633,0.111,,0.878,0.122
920569,0.065,,,,0.054000000000000006,0.8540000000000001,,,0.95,
920570,0.131,,,,0.131,0.556,0.071,,0.828,0.172
920571,0.076,,,,,0.8029999999999999,,,0.95,
920572,0.096,,,,0.096,0.759,,,0.94,0.06
920576,0.081,,0.068,,,0.541,0.135,,0.797,0.203
920580,0.156,,,,0.14400000000000002,0.544,0.111,,0.867,0.133
920584,0.096,,,,0.064,0.67,0.17,,0.9359999999999999,0.064
920593,0.18,,,,0.11699999999999999,0.604,0.063,,0.883,0.11699999999999999
920596,0.14400000000000002,,0.134,,,0.629,0.10300000000000001,,0.887,0.113
920597,0.053,,,,0.053,0.574,0.096,0.07400000000000001,0.8190000000000001,0.18100000000000002
920598,0.08,,0.051,,,0.703,,,0.863,0.13699999999999998
920599,0.10400000000000001,,,,0.08199999999999999,0.515,0.134,,0.813,0.187
920600,0.17300000000000001,,,,0.16,0.494,0.111,,0.877,0.12300000000000001
920606,0.077,,,,0.057999999999999996,0.737,0.071,,0.904,0.096
920616,0.136,,,,0.09699999999999999,0.408,,0.107,0.7090000000000001,0.29100000000000004
920618,0.15,,,0.064,0.079,0.636,0.079,,0.893,0.107
920620,0.11800000000000001,,,,0.11800000000000001,0.691,,,0.882,0.11800000000000001
920624,0.06,,,,0.055,0.809,0.10400000000000001,,0.95,
920626,0.135,,,,0.087,0.5670000000000001,0.077,,0.8270000000000001,0.17300000000000001
920628,0.122,,,,0.061,0.732,0.098,,0.95,
920632,0.07400000000000001,,,,,0.642,0.062,,0.79,0.21
92B000,0.067,,,,,0.833,,,0.9329999999999999,
92D000,0.0,,,,,0.909,0.091,,0.95,
92E000,0.013999999999999999,,,,,0.9129999999999999,,,0.9420000000000001,
92F000,0.16399999999999998,,,0.16399999999999998,,0.836,,,0.95,
92G000,0.0,,,,,0.75,0.25,,0.95,
92L000,0.043,,,,,0.36200000000000004,,,0.507,0.493
92M000,0.0,,,,,0.519,0.17300000000000001,,0.6920000000000001,0.308
92N000,0.0,,,,,0.95,,,0.95,
92Q000,0.0,,,,,0.55,,,0.75,0.25
92R000,0.0,,,,,0.83,,0.149,0.95,
92S000,0.0,,,,,0.95,,,0.95,
92T000,0.0,,,,,0.872,,,0.915,
92V000,0.036000000000000004,,,,,0.7859999999999999,0.131,,0.95,
92W000,0.0,,,,,0.841,,,0.9129999999999999,0.087
92Y000,0.0,,,,,0.912,,,0.912,
930330,0.309,,,0.07400000000000001,0.235,0.324,0.162,,0.809,0.191
930340,0.113,,,,,0.371,0.258,,0.758,0.242
930344,0.1,,,,,0.433,0.3,,0.833,0.16699999999999998
930348,0.063,,,,,0.75,,,0.938,
93A000,0.0,,,,,,,,0.5,0.5
940306,0.136,,,,,0.5,,,0.95,
940314,0.245,,,0.18899999999999997,,0.415,,,0.83,0.17
950308,0.158,,,,,0.579,,,0.895,
950312,0.0,,,,,0.846,,,0.897,
950316,0.12,,,,,0.76,,,0.92,
950320,0.02,,,,,0.5710000000000001,0.163,,0.7759999999999999,0.22399999999999998
950322,0.156,,,,0.111,0.6779999999999999,,,0.9,0.1
950324,0.125,,,,,0.563,,,0.688,0.313
950328,0.135,,,,,0.7879999999999999,,,0.95,
950332,0.032,,,,,0.8059999999999999,,,0.871,
95A000,0.0,,,,,0.8240000000000001,,,0.882,
960314,0.13,,,,0.096,0.253,0.205,,0.774,0.226
960316,0.114,,,,0.114,0.457,0.305,,0.9329999999999999,0.067
960318,0.156,,,,0.156,0.203,0.5,,0.875,0.125
960329,0.063,,,,0.055,0.37799999999999995,0.29100000000000004,,0.8109999999999999,0.18899999999999997
960332,0.5,,,,0.5,0.5,,,0.95,
960334,0.10300000000000001,,,,,0.59,,,0.769,0.231
960336,0.062,,,,0.062,0.557,0.361,,0.95,
960344,0.068,,,,0.059000000000000004,0.5760000000000001,,0.068,0.8220000000000001,0.17800000000000002
960370,0.145,,,,0.10300000000000001,0.5379999999999999,0.256,,0.9490000000000001,0.051
960376,0.064,,,,,0.27699999999999997,0.40399999999999997,,0.83,0.17
960382,0.18600000000000003,,,,0.077,0.361,0.38799999999999996,,0.95,
960388,0.128,,,,0.085,0.5529999999999999,0.11699999999999999,,0.9259999999999999,0.07400000000000001
960390,0.132,,,,0.105,0.474,0.263,,0.934,0.066
960450,0.08199999999999999,,,,0.08199999999999999,0.618,0.073,0.055,0.855,0.145
960454,0.08900000000000001,,,,0.081,0.642,0.106,,0.927,0.073
96C000,0.619,,,0.47600000000000003,0.11900000000000001,0.262,,,0.95,
96F000,0.053,,,,,0.573,0.187,,0.853,0.147
970308,0.115,,,,,0.654,,,0.885,
970310,0.136,,,,,0.591,,,0.95,
970312,0.19,,,,0.165,0.44299999999999995,0.253,,0.899,0.10099999999999999
970337,0.192,,,0.092,0.1,0.569,0.062,,0.915,0.085
970340,0.371,,,0.28600000000000003,,0.6,,,0.95,
970344,0.135,,,,,0.703,,,0.95,
970348,0.163,,,0.057999999999999996,0.105,0.547,0.244,,0.95,
970352,0.133,,,,0.09300000000000001,0.56,,0.067,0.92,0.08
970360,0.13,,,,0.109,0.326,0.152,,0.7609999999999999,0.239
970368,0.14,,,,0.12,0.54,0.12,,0.92,
970370,0.22899999999999998,,,,0.188,0.41700000000000004,0.313,,0.95,
970376,0.105,,,,,0.579,,,0.8420000000000001,
970392,0.267,,,0.217,,0.6829999999999999,,,0.95,
97D000,0.0,,,,,0.667,,,0.667,0.33299999999999996
980308,0.091,,,,0.065,0.312,0.455,,0.8959999999999999,0.10400000000000001
980320,0.21600000000000003,,,0.149,0.068,0.5,0.23,,0.95,
980340,0.21600000000000003,,,0.17600000000000002,,0.647,0.11800000000000001,,0.95,
980344,0.122,,,0.051,0.061,0.5820000000000001,0.255,,0.95,
980348,0.083,,,,,0.528,0.306,,0.95,
980352,0.162,,,0.08800000000000001,0.07400000000000001,0.735,,,0.95,
980356,0.034,,,,,0.368,0.46,,0.943,0.057
980357,0.12300000000000001,,,,0.12300000000000001,0.228,0.316,,0.895,0.105
980360,0.027999999999999997,,,,,0.6940000000000001,0.111,,0.9309999999999999,0.069
980364,0.031,,,,,0.684,0.214,,0.95,
980388,0.03,,,,,0.5760000000000001,0.364,,0.95,
980392,0.046,,,,,0.415,0.27699999999999997,,0.877,0.12300000000000001
980396,0.155,,,0.07,0.085,0.5920000000000001,0.085,,0.95,
980400,0.297,,,0.266,,0.45299999999999996,0.203,,0.95,
98A000,0.084,,,,,0.368,0.337,,0.821,0.179
98B000,0.325,,,0.275,,0.6,,,0.925,
990304,0.2,,,0.111,,0.644,,,0.9109999999999999,
990308,0.061,,,,,0.667,0.242,,0.95,
990312,0.188,,,,0.188,0.43799999999999994,0.292,,0.938,
990316,0.25,,,0.125,0.125,0.625,,,0.9,
990320,0.1,,,,,0.5,0.2,,0.9329999999999999,
990324,0.16,,,,0.12,0.48,0.24,,0.9,0.1
990328,0.127,,,,,0.618,,,0.873,0.127
990336,0.205,,,0.205,,0.511,,,0.807,0.193
990340,1.0,,,,0.95,,,,0.95,
995304,0.083,,,,,0.833,,,0.95,
995308,0.0,,,,,0.95,,,0.95,
995312,0.121,,,,0.121,0.636,0.182,,0.95,
995320,0.055999999999999994,,,,,0.722,,,0.889,
995328,0.038,,,,,0.731,0.192,,0.95,
995336,0.091,,,,,0.727,,,0.95,
